"case_id","track_index","start_region","end_region","start_seconds","end_seconds","frames","median_hz","hz_mad","median_rms","early_peak_onset","early_rms_ratio","new_event_evidence","background_memory_after_22_frames","truth_quality"
"V01","1","PRE_NOTE_SILENCE","PRE_NOTE_SILENCE","0.139319727891","0.220589569161","8","149.326126099","0.9007720949999793","0.00854548066854","0.201980680227","1.5841073489554511","true","false","independent_negative"
"V01","2","PRE_NOTE_SILENCE","PRE_NOTE_SILENCE","0.510839002268","0.592108843537","8","149.072265625","0.28892517099998827","0.00770411314443","0.183146715164","1.2620486988883617","false","false","independent_negative"
"V01","3","PRE_NOTE_SILENCE","PRE_NOTE_SILENCE","0.882358276644","0.986848072562","10","148.221679688","0.4956665029999954","0.0104449074715","0.204360336065","1.6402959271456021","true","false","independent_negative"
"V01","4","PRE_NOTE_SILENCE","PRE_NOTE_SILENCE","1.23065759637","1.33514739229","10","148.465576172","0.6511535649999871","0.00982385035604","0.227260053158","1.4841875671490123","true","false","independent_negative"
"V01","5","PRE_NOTE_SILENCE","PRE_NOTE_SILENCE","1.59056689342","1.61378684807","3","148.560775757","0.07034301799998843","0.0095044253394","0.191005855799","1.007239570286597","false","false","independent_negative"
"V01","6","ATTACK","ATTACK","1.77632653061","1.78793650794","2","175.84576416","0.07392883299999653","0.16197283566","0.115247383714","1.0465532614765085","false","false","derived_or_unlabelled"
"V01","7","ATTACK","RELEASE_DECAY","1.79954648526","3.07664399093","111","350.214813232","0.26040649500004065","0.0582632310688","0.136507257819","1.0043779057373403","false","false","derived_or_unlabelled"
"V01","8","RELEASE_DECAY","RELEASE_DECAY","3.08825396825","3.13469387755","5","174.38104248","0.05865478499998744","0.02771955356","0.115128517151","1.0633173611671265","false","false","derived_or_unlabelled"
"V01","9","RELEASE_DECAY","RELEASE_DECAY","3.14630385488","3.37850340136","21","350.33807373","0.48455810500001917","0.0238149613142","0.129472896457","0.9423403026119094","false","false","derived_or_unlabelled"
"V01","10","RELEASE_DECAY","RELEASE_DECAY","3.39011337868","3.59909297052","19","174.138839722","0.11331176699999901","0.0222448725253","0.157708853483","1.151565428515201","false","false","derived_or_unlabelled"
"V01","11","RELEASE_DECAY","RELEASE_DECAY","3.61070294785","3.66875283447","6","350.512878418","0.1865234379999947","0.0207254793495","0.140831053257","0.9854974438569933","false","false","derived_or_unlabelled"
"V01","12","RELEASE_DECAY","RELEASE_DECAY","3.68036281179","4.00544217687","29","173.862731934","0.4382324219999987","0.0194897986948","0.18759663403","1.1636324452047868","false","false","derived_or_unlabelled"
"V01","13","RELEASE_DECAY","RELEASE_DECAY","4.0170521542","4.0170521542","1","116.694969177","0.0","0.015676908195","0.140771761537","0.9171500520136046","false","false","derived_or_unlabelled"
"V01","14","RELEASE_DECAY","RELEASE_DECAY","4.02866213152","4.02866213152","1","174.299713135","0.0","0.0204127077013","0.156275033951","1.194209706219805","false","false","derived_or_unlabelled"
"V01","15","RELEASE_DECAY","RELEASE_DECAY","4.04027210884","4.06349206349","3","116.474121094","0.03746795700000405","0.0199895836413","0.195087656379","1.1137691833079293","false","false","derived_or_unlabelled"
"V01","16","POST_NOTE_BACKGROUND","POST_NOTE_BACKGROUND","5.63083900227","5.71210884354","8","149.213027954","0.6502838139999767","0.0110714519396","0.187411993742","1.4904304216825959","false","false","derived_or_unlabelled"
"V01","17","POST_NOTE_BACKGROUND","POST_NOTE_BACKGROUND","6.00235827664","6.08362811791","8","147.331954956","0.3858032230000106","0.00933766085654","0.198877170682","1.3765766552811312","false","false","derived_or_unlabelled"
"V01","18","POST_NOTE_BACKGROUND","POST_NOTE_BACKGROUND","6.37387755102","6.44353741497","7","147.792938232","0.3413543709999942","0.0087470728904","0.204780101776","1.3549671266764454","true","false","derived_or_unlabelled"
"V01","19","POST_NOTE_BACKGROUND","POST_NOTE_BACKGROUND","6.71056689342","6.82666666667","11","148.772949219","0.4937133789999848","0.00987907964736","0.181264176965","1.156626283561625","false","false","derived_or_unlabelled"
"V02","1","PRE_NOTE_SILENCE","PRE_NOTE_SILENCE","0.278639455782","0.336689342404","6","148.482391357","0.20341491700000347","0.00727159203961","0.197092726827","1.44594730497847","false","false","independent_negative"
"V02","2","PRE_NOTE_SILENCE","PRE_NOTE_SILENCE","1.01006802721","1.01006802721","1","145.956741333","0.0","0.00658807810396","0.156067073345","1.0725119181129552","false","false","independent_negative"
"V02","3","PRE_NOTE_SILENCE","PRE_NOTE_SILENCE","1.04489795918","1.06811791383","3","146.294311523","0.08496093799999471","0.00738046178594","0.17236764729","1.1822537477156048","false","false","independent_negative"
"V02","4","PRE_NOTE_SILENCE","PRE_NOTE_SILENCE","1.12616780045","1.12616780045","1","146.679962158","0.0","0.00798869691789","0.186017692089","1.0891961275359883","false","false","independent_negative"
"V02","5","PRE_NOTE_SILENCE","PRE_NOTE_SILENCE","1.40480725624","1.47446712018","7","147.884185791","0.46208190900000545","0.00910468306392","0.181939467788","1.3261723999558104","false","false","independent_negative"
"V02","6","ATTACK","RELEASE_DECAY","1.88081632653","4.10993197279","193","164.978485107","0.02842712400001801","0.0745192989707","0.15649548173","1.0348327436676836","false","false","derived_or_unlabelled"
"V02","7","POST_NOTE_BACKGROUND","POST_NOTE_BACKGROUND","4.690430839","4.76009070295","7","149.446578979","0.19636535699999058","0.0101164886728","0.17843349278","1.268238769970028","false","false","derived_or_unlabelled"
"V02","8","POST_NOTE_BACKGROUND","POST_NOTE_BACKGROUND","5.06195011338","5.09678004535","4","148.858581543","0.1232452390000276","0.0116813490167","0.216342583299","1.597276201677465","true","false","derived_or_unlabelled"
"V02","9","POST_NOTE_BACKGROUND","POST_NOTE_BACKGROUND","5.44507936508","5.44507936508","1","146.581817627","0.0","0.0143916085362","0.179510563612","1.3672016636947908","false","false","derived_or_unlabelled"
"V03","1","PRE_NOTE_SILENCE","PRE_NOTE_SILENCE","0.174149659864","0.255419501134","8","148.688583374","0.43875122099998976","0.00515985907987","0.199729993939","1.1939549282453428","false","false","independent_negative"
"V03","2","PRE_NOTE_SILENCE","PRE_NOTE_SILENCE","0.510839002268","0.62693877551","11","148.508544922","0.28306579599998827","0.00494870031253","0.194031983614","1.360434124576802","false","false","independent_negative"
"V03","3","PRE_NOTE_SILENCE","PRE_NOTE_SILENCE","0.847528344671","0.975238095238","12","148.799468994","0.5420227049999937","0.00705889659002","0.220473572612","1.7139788722717035","true","false","independent_negative"
"V03","4","PRE_NOTE_SILENCE","PRE_NOTE_SILENCE","1.21904761905","1.21904761905","1","148.555984497","0.0","0.010723143816","0.202714771032","1.8596842172520085","true","false","independent_negative"
"V03","5","PRE_NOTE_SILENCE","PRE_NOTE_SILENCE","1.25387755102","1.30031746032","5","147.850967407","0.3056793210000137","0.0110064838082","0.282033592463","1.9666815748051152","true","false","independent_negative"
"V03","6","ATTACK","ATTACK","1.66022675737","1.67183673469","2","117.34438324","0.03739929200000347","0.146139785647","0.137014240026","0.9925759787102032","false","false","derived_or_unlabelled"
"V03","7","ATTACK","ATTACK","1.68344671202","1.70666666667","3","175.815536499","0.001953125","0.137897774577","0.142012521625","0.9554252327991304","false","false","derived_or_unlabelled"
"V03","8","ATTACK","TRANSITION","1.71827664399","2.71673469388","87","350.45098877","0.30691528399995605","0.0596168413758","0.0849319472909","0.9296684417431256","false","false","derived_or_unlabelled"
"V03","9","TRANSITION","TRANSITION","2.7283446712","2.78639455782","6","174.348907471","0.12727355900000248","0.0182324051857","0.139774307609","0.7399713675189706","false","false","derived_or_unlabelled"
"V03","10","TRANSITION","TRANSITION","3.1114739229","3.19274376417","8","148.926254272","0.31610107500000595","0.00770431989804","0.24164429307","1.4717976106886734","true","false","derived_or_unlabelled"
"V03","11","TRANSITION","TRANSITION","3.29723356009","3.29723356009","1","175.862426758","0.0","0.152930304408","0.172997042537","1.113232810619972","false","false","derived_or_unlabelled"
"V03","12","TRANSITION","RELEASE_DECAY","3.30884353741","4.55111111111","108","350.441650391","0.4174499519999699","0.0610354542732","0.14279744029","1.1447971418473233","false","false","derived_or_unlabelled"
"V03","13","RELEASE_DECAY","RELEASE_DECAY","4.56272108844","4.62077097506","6","174.379013062","0.03457641600002148","0.0280145537108","0.185441225767","1.001961978392968","false","false","derived_or_unlabelled"
"V03","14","RELEASE_DECAY","RELEASE_DECAY","4.94585034014","5.02712018141","8","148.333099365","0.2985992430000124","0.00689435563982","0.196597263217","1.5518167353229804","false","false","derived_or_unlabelled"
"V03","15","RELEASE_DECAY","RELEASE_DECAY","5.30575963719","5.38702947846","8","148.481369019","0.44996642999998926","0.0102793918923","0.216739401221","1.7897576963403548","true","false","derived_or_unlabelled"
"V03","16","POST_NOTE_BACKGROUND","POST_NOTE_BACKGROUND","5.67727891156","5.79337868481","11","148.826843262","0.375823975000003","0.0095731029287","0.181702539325","1.2786016695599103","false","false","derived_or_unlabelled"
"V03","17","POST_NOTE_BACKGROUND","POST_NOTE_BACKGROUND","6.07201814059","6.09523809524","3","147.887359619","0.7179107659999886","0.0105930808932","0.199907183647","1.3551299741197882","false","false","derived_or_unlabelled"
"V03","18","POST_NOTE_BACKGROUND","POST_NOTE_BACKGROUND","6.40870748299","6.51319727891","10","148.804672241","0.30831909200000496","0.00877762120217","0.241979762912","1.4487996156308522","true","false","derived_or_unlabelled"
"V03","19","POST_NOTE_BACKGROUND","POST_NOTE_BACKGROUND","7.14013605442","7.16335600907","3","148.139373779","0.04312133800002016","0.0118877654895","0.179577931762","1.402314277665417","false","false","derived_or_unlabelled"
"V04","1","PRE_NOTE_SILENCE","PRE_NOTE_SILENCE","0.185759637188","0.325079365079","13","148.315170288","0.35456848100000116","0.00832565315068","0.184305354953","1.2819743699469508","false","false","independent_negative"
"V04","2","PRE_NOTE_SILENCE","PRE_NOTE_SILENCE","0.615328798186","0.684988662132","7","150.207443237","0.29098510700001157","0.0068977214396","0.204493299127","1.1204100945363622","true","false","independent_negative"
"V04","3","PRE_NOTE_SILENCE","PRE_NOTE_SILENCE","0.975238095238","1.05650793651","8","149.3959198","0.3233337400000096","0.00952302943915","0.213562265038","1.3211345513617112","true","false","independent_negative"
"V04","4","PRE_NOTE_SILENCE","PRE_NOTE_SILENCE","1.26548752834","1.41641723356","14","148.505142212","0.2640991210000152","0.0110034067184","0.195762261748","1.3511616110050295","false","false","independent_negative"
"V04","5","ATTACK","ATTACK","1.64861678005","1.68344671202","4","149.236587524","0.5197753910000245","0.0149078015238","0.249548241496","1.5169525161520463","true","false","derived_or_unlabelled"
"V04","6","ATTACK","TRANSITION","1.79954648526","2.44970521542","57","350.308441162","0.48281860299999835","0.102818287909","0.152437224984","1.0843462325726212","false","false","derived_or_unlabelled"
"V04","7","TRANSITION","TRANSITION","2.46131519274","2.46131519274","1","174.128189087","0.0","0.0953990593553","0.401798248291","1.4294327111668208","true","false","derived_or_unlabelled"
"V04","8","TRANSITION","TRANSITION","2.53097505669","2.54258503401","2","166.126281738","0.2727050780000013","0.22910580039","0.196173608303","1.5037363006194588","false","false","derived_or_unlabelled"
"V04","9","TRANSITION","RELEASE_DECAY","2.55419501134","3.48299319728","81","330.579040527","0.19418335000000297","0.061850272119","0.164898380637","1.1007376991947666","false","false","derived_or_unlabelled"
"V04","10","RELEASE_DECAY","RELEASE_DECAY","3.4946031746","3.52943310658","4","164.897842407","0.05940246600002297","0.0312927998602","0.147684007883","1.0836636580654562","false","false","derived_or_unlabelled"
"V04","11","RELEASE_DECAY","RELEASE_DECAY","3.5410430839","3.55265306122","2","331.238586426","0.037628173999962655","0.0295265670866","0.114651814103","0.9367350448157341","false","false","derived_or_unlabelled"
"V04","12","RELEASE_DECAY","RELEASE_DECAY","3.56426303855","3.5874829932","3","164.88633728","0.031005860000021812","0.0283554233611","0.132907390594","0.9491943139507516","false","false","derived_or_unlabelled"
"V04","13","RELEASE_DECAY","RELEASE_DECAY","3.59909297052","3.70358276644","10","330.932739258","0.17166137700002082","0.0249943714589","0.12232401967","0.9330350680794931","false","false","derived_or_unlabelled"
"V04","14","RELEASE_DECAY","RELEASE_DECAY","3.71519274376","3.76163265306","5","164.692550659","0.10247802700001785","0.0132317608222","0.210184767842","1.149837612799962","true","false","derived_or_unlabelled"
"V04","15","RELEASE_DECAY","RELEASE_DECAY","4.23764172336","4.29569160998","6","149.508728027","0.25366210899997554","0.00754353031516","0.229612857103","1.1518445425608717","true","false","derived_or_unlabelled"
"V04","16","POST_NOTE_BACKGROUND","POST_NOTE_BACKGROUND","4.59755102041","4.65560090703","6","148.14932251","0.4012756349999904","0.0078164646402","0.194694951177","1.1644837636509278","false","false","derived_or_unlabelled"
"V04","17","POST_NOTE_BACKGROUND","POST_NOTE_BACKGROUND","4.95746031746","4.98068027211","3","144.067718506","0.15890502899998182","0.00810819678009","0.198956102133","1.2950795006316","false","false","derived_or_unlabelled"
