"caseId","referenceIndex","referenceMidi","performedIndex","performedMidi","mark","pitchCents","referenceOnsetSeconds","performedOnsetSeconds","onsetBeats","durationRatio"
"001","0","60.0","0","60.026444947527224","matched","2.644494752722437","0.0","0.29024943310657597","-0.06382978723404226","0.9787234042553191"
"001","1","62.0","1","62.03916941244101","matched","3.916941244101224","0.45","0.893968253968254","0.01595744680851081","0.7021276595744684"
"001","2","64.0","2","64.08328049697342","matched","8.328049697341555","0.6","1.1261678004535147","0.08510638297872372","0.7021276595744681"
"001","3","65.0","3","64.61988151952099","matched","-38.01184804790125","0.9","1.4280272108843537","0.0","1.8191489361702136"
"001","4","64.0",,,"missed",,"1.2",,,
"001","5","62.0","4","62.082644759210034","matched","8.264475921003367","1.5","2.147845804988662","-0.010638297872340847","0.8936170212765954"
"001","6","60.0","5","60.03586355486554","matched","3.5863554865542824","1.8","2.5193650793650795","0.0","0.9893617021276587"
"002","0","60.0","0","60.04123163018117","matched","4.123163018117282","0.0","0.22058956916099773","-0.029411764705881936","0.9411764705882352"
"002","1","62.0","1","62.02990909434958","matched","2.9909094349577003","0.45","0.8591383219954648","0.029411764705882675","0.7058823529411771"
"002","2","64.0","2","64.06833823849666","matched","6.833823849666487","0.6","1.1145578231292517","0.10294117647058866","0.6176470588235297"
"002","3","65.0","3","64.644132695352","matched","-35.5867304648001","0.9","1.4164172335600906","-0.014705882352940916","1.8529411764705892"
"002","4","64.0",,,"missed",,"1.2",,,
"002","5","62.0","4","62.06167207713647","matched","6.167207713647116","1.5","2.1942857142857144","-0.029411764705881832","0.9117647058823524"
"002","6","60.0","5","60.045597882987835","matched","4.559788298783474","1.8","2.6122448979591835","0.0","1.2647058823529411"
"003","0","60.0","0","60.03695158650595","matched","3.6951586505949763","0.0","0.3599092970521542","-0.048780487804877544","0.9552845528455285"
"003","1","62.0","1","62.035086908751225","matched","3.508690875122511","0.45","0.9752380952380952","0.009146341463415055","0.7926829268292683"
"003","2","64.0","2","64.04477767865707","matched","4.477767865706994","0.6","1.242267573696145","0.10975609756097598","0.5792682926829269"
"003","3","65.0","3","64.6219557347844","matched","-37.804426521560686","0.9","1.509297052154195","-0.039634146341463","1.8597560975609762"
"003","4","64.0",,,"missed",,"1.2",,,
"003","5","62.0","4","62.06254449023343","matched","6.254449023342801","1.5","2.2639455782312927","-0.04878048780487718","0.9756097560975598"
"003","6","60.0","5","60.050580151513614","matched","5.058015151361417","1.8","2.681904761904762","0.0","1.1585365853658538"
"004","0","60.0","0","60.03464530011884","matched","3.4645300118839373","0.0","0.2438095238095238","0.0","0.9374999999999999"
"004","1","62.0",,,"missed",,"0.45",,,
"004","2","64.0","1","64.05131065691664","matched","5.131065691664105","0.6","1.0448979591836736","0.07812499999999994","0.7812499999999997"
"004","3","65.0","2","64.61173204793829","matched","-38.82679520617103","0.9","1.3583673469387756","-2.98833223791317E-16","1.8749999999999996"
"004","4","64.0",,,"missed",,"1.2",,,
"004","5","62.0","3","62.046725920933135","matched","4.672592093313455","1.5","2.10140589569161","-5.97666447582634E-16","0.9374999999999998"
"004","6","60.0","4","60.050191200757126","matched","5.019120075712635","1.8","2.507755102040816","0.04687499999999916","1.0312500000000004"
"005","0","60.0","0","60.025724887977745","matched","2.572488797774497","0.0","0.22058956916099773","-0.0075376884422113195","0.884422110552764"
"005","1","62.0",,,"missed",,"0.45",,,
"005","2","64.0","1","64.06251661254203","matched","6.251661254202645","0.6","1.0216780045351475","0.032663316582914576","0.934673366834171"
"005","3","65.0","2","64.54192165588785","matched","-45.807834411215254","0.9","1.3815873015873017","0.0","1.8994974874371868"
"005","4","64.0",,,"missed",,"1.2",,,
"005","5","62.0","3","62.03606113864952","matched","3.6061138649522206","1.5","2.159455782312925","0.01005025125628123","0.8442211055276382"
"005","6","60.0","4","60.03423047415504","matched","3.423047415503788","1.8","2.5309750566893423","-0.007537688442211211","1.0251256281407037"
