"caseId","windowStartSeconds","F3","F4","F5","F3/F4","E3","E4","E5","E3/E4","cmndF4","cmndF3","cmndE4","cmndE3"
"1","1.95","2.63","46.95","15.38","0.056","4.29","2.37","0.18","1.811","0.256","0.122","0.499","0.533"
"1","2.18","0.70","36.17","6.35","0.019","2.14","1.71","0.12","1.247","0.169","0.120","0.337","0.456"
"1","3.12","0.88","4.97","0.07","0.177","1.61","79.54","17.69","0.020","0.203","0.392","0.046","0.039"
"2","1.87","2.13","45.42","16.10","0.047","3.71","2.15","0.24","1.724","0.271","0.128","0.519","0.542"
"2","2.08","1.15","37.32","7.37","0.031","1.86","1.14","0.07","1.637","0.258","0.106","0.431","0.420"
"2","3.08","1.06","2.17","0.03","0.487","0.38","74.33","16.37","0.005","0.209","0.397","0.052","0.044"
"3","3.78","0.54","5.18","0.09","0.103","0.35","92.40","12.70","0.004","0.119","0.271","0.032","0.021"
"3","4.06","0.68","2.51","0.27","0.271","2.79","54.47","3.83","0.051","0.191","0.295","0.117","0.055"
"3","4.18","0.81","1.52","0.17","0.536","1.25","42.70","1.88","0.029","0.210","0.301","0.145","0.077"
"5","2.80","2.09","2.62","0.39","0.800","0.73","46.58","5.78","0.016","0.422","0.314","0.394","0.113"
"6","1.62","2.85","47.04","11.90","0.060","1.65","1.18","0.30","1.394","0.217","0.089","0.466","0.477"
"6","1.78","1.91","36.45","6.54","0.052","1.56","0.57","0.17","2.714","0.194","0.123","0.397","0.465"
"6","2.65","0.93","2.37","0.18","0.394","3.21","82.56","18.46","0.039","0.193","0.366","0.050","0.032"
"6","3.10","0.70","0.45","0.09","1.571","1.94","32.99","1.14","0.059","0.360","0.389","0.251","0.094"
"7","1.59","1.66","37.84","8.04","0.044","3.54","0.68","0.15","5.204","0.672","0.185","0.832","0.410"
"7","2.30","2.03","37.31","6.84","0.054","2.70","1.98","0.08","1.362","0.450","0.125","0.561","0.331"
"8","1.80","0.41","2.96","0.21","0.140","0.86","107.53","17.24","0.008","0.112","0.270","0.023","0.014"
"8","2.40","0.63","2.53","0.14","0.250","2.05","105.39","16.29","0.019","0.100","0.258","0.016","0.012"
"9","1.45","4.20","0.29","0.22","14.492","2.50","1.77","0.52","1.413","0.985","1.317","0.602","1.287"
"10","0.95","0.72","1.05","0.10","0.687","1.62","1.73","0.23","0.938","0.660","1.296","0.374","0.968"
