"caseId","performedIndex","startSeconds","endSeconds","durationSeconds","fractionalMidi","nearestMidi","confidence","rms"
"1","0","0.9287981859410431","1.0216780045351475","0.0928798185941044","50.25161804768408","50","0.8807752430438995","0.019633889896795154"
"1","1","1.2887074829931973","1.3699773242630386","0.0812698412698413","50.157063819611494","50","0.8793556009020124","0.01968065369874239"
"1","2","1.8692063492063493","2.124625850340136","0.2554195011337867","53.083419745109616","53","0.9086217040365393","0.04131576977670193"
"1","3","2.1710657596371883","2.2291156462585033","0.0580498866213150","65.11466214193595","65","0.8696045041084289","0.029396980255842208"
"1","4","2.2291156462585033","2.345215419501134","0.1160997732426307","53.05119107983782","53","0.8667891383171081","0.02880206871777773"
"1","5","2.9837641723356008","3.3668934240362813","0.3831292517006805","64.12141313818641","64","0.9362327293916182","0.060153670834772514"
"1","6","3.3668934240362813","3.4249433106575964","0.0580498866213151","52.077607303831925","52","0.9445316314697265","0.041132332757115364"
"2","0","1.1493877551020408","1.207437641723356","0.0580498866213152","50.13719494776835","50","0.8631243586540223","0.019594727829098702"
"2","1","1.4628571428571429","1.5789569160997732","0.1160997732426303","50.13861440060656","50","0.865754708647728","0.020015524001792073"
"2","2","1.811156462585034","1.8924263038548752","0.0812698412698412","53.074975621163965","53","0.86312883240836","0.04566097099866186"
"2","3","1.9272562358276644","1.9969160997732427","0.0696598639455783","53.07062764557669","53","0.892326166232427","0.037880998104810715"
"2","4","2.043356009070295","2.136235827664399","0.092879818594104","65.11554942751263","65","0.871665358543396","0.030889135086908937"
"2","5","2.136235827664399","2.2175056689342405","0.0812698412698415","53.03860645224094","53","0.893285300050463","0.030129070526787212"
"2","6","2.9605442176870747","3.297233560090703","0.3366893424036283","64.12266739858725","64","0.9198991080810284","0.05796675589577905"
"2","7","3.3436734693877552","3.517823129251701","0.1741496598639458","64.11363085615903","64","0.8993549942970276","0.02975300351778666"
"2","8","3.517823129251701","4.0751020408163265","0.5572789115646255","52.05591357454438","52","0.8977837752788624","0.020990845212276947"
"3","0","3.320453514739229","3.3901133786848074","0.0696598639455784","50.15308423329221","50","0.8703526159127554","0.02564002200961113"
"3","1","3.657142857142857","3.7151927437641725","0.0580498866213155","52.082014176284005","52","0.9232764601707458","0.09293912947177888"
"3","2","3.7151927437641725","4.028662131519274","0.3134693877551015","64.08493400464074","64","0.9293515196552983","0.06157160081245281"
"3","3","4.028662131519274","4.133151927437642","0.104489795918368","52.031289629819334","52","0.9517489936616685","0.0420085382130411"
"3","4","4.133151927437642","4.272471655328798","0.139319727891156","64.0978283354681","64","0.881670355796814","0.032518538956840835"
"3","5","4.272471655328798","4.423401360544218","0.150929705215420","51.9976681068706","52","0.8891945985647348","0.026730075335273377"
"3","6","4.446621315192743","4.562721088435374","0.116099773242631","52.00811539512472","52","0.8563108220696449","0.02053975500166416"
"4","0","0.313469387755102","0.4527891156462585","0.1393197278911565","50.15839932442508","50","0.9045599500338236","0.017787666137640674"
"4","1","0.6617687074829932","0.7662585034013606","0.1044897959183674","50.15001351527475","50","0.8938628832499186","0.020707288136084873"
"4","2","1.9040362811791383","2.10140589569161","0.1973696145124717","64.11507861321624","64","0.9245412139331594","0.08161355292095858"
"4","3","2.10140589569161","2.159455782312925","0.058049886621315","52.03567771655238","52","0.899955403804779","0.05518740937113762"
"4","4","2.728344671201814","2.8328344671201813","0.1044897959183673","50.19842633812688","50","0.8660120632913377","0.01250752154737711"
"5","0","0.18575963718820862","0.26702947845804986","0.08126984126984124","50.16072318139675","50","0.885872381074088","0.009870534230555807"
"5","1","2.705124716553288","2.9605442176870747","0.2554195011337867","51.97417094830067","52","0.884880332719712","0.04077468244802384"
"5","2","4.562721088435374","4.655600907029479","0.092879818594105","50.1612382180921","50","0.8714349642395973","0.024956982117146254"
"6","0","1.486077097505669","1.5673469387755101","0.0812698412698411","53.10578929410313","53","0.8727228215762547","0.049391698092222214"
"6","1","1.6137868480725623","1.7414965986394557","0.1277097505668934","53.08356591696633","53","0.9035409526391462","0.037389955737374046"
"6","2","1.7414965986394557","1.822766439909297","0.0812698412698413","65.11923435557232","65","0.8692407863480704","0.03159000990646226"
"6","3","1.8459863945578232","1.9736961451247166","0.1277097505668934","53.059017098303705","53","0.8811650763858448","0.028405990451574326"
"6","4","2.4961451247165534","2.5541950113378684","0.0580498866213150","52.12278556454969","52","0.9075862884521484","0.09363497346639633"
"6","5","2.5541950113378684","2.948934240362812","0.3947392290249436","64.11600050918665","64","0.9261031326125649","0.05841330033453072"
"6","6","2.948934240362812","3.308843537414966","0.359909297052154","52.073375456961415","52","0.9298055479603429","0.02775152165803217"
"6","7","3.610702947845805","3.6919727891156464","0.0812698412698414","50.26639220987856","50","0.8700732844216483","0.011914868972131185"
"7","0","0.2786394557823129","0.37151927437641724","0.09287981859410434","50.24227936855987","50","0.8762865141034126","0.018554181093350053"
"7","1","1.5325170068027212","1.6718367346938776","0.1393197278911564","53.065898132730055","53","0.8945138802131017","0.03553313761949539"
"7","2","2.1942857142857144","2.4729251700680273","0.2786394557823129","53.00700794059433","53","0.8847175447837167","0.030812580219429474"
"8","0","0.5804988662131519","0.6617687074829932","0.0812698412698413","50.14414059637091","50","0.8760219046047756","0.020277204657239572"
"8","1","0.893968253968254","0.9868480725623583","0.0928798185941043","50.164057335877125","50","0.8813064396381378","0.020835609873756766"
"8","2","1.6486167800453515","2.020136054421769","0.3715192743764175","64.09610204663527","64","0.9369796812534332","0.08347035001497716"
"8","3","2.020136054421769","2.089795918367347","0.069659863945578","52.0382004731756","52","0.9137347936630249","0.03614021961887678"
"8","4","2.2523356009070294","2.728344671201814","0.4760090702947846","64.08973540732416","64","0.9325045812420729","0.07121351542996197"
"8","5","3.2624036281179136","3.378503401360544","0.1160997732426304","50.19845099673117","50","0.8796242356300354","0.010987296514213086"
"9","0","1.3815873015873017","1.6021768707482993","0.2205895691609976","62.03113113876183","62","0.9212367315041391","0.09577788010631737"
"9","1","1.6021768707482993","1.7066666666666668","0.1044897959183675","49.99416334023429","50","0.8970255123244392","0.014340638183057308"
"10","0","0.7894784580498866","1.2654875283446712","0.4760090702947846","61.9989863526443","62","0.9709641875290289","0.08542194408251018"
"10","1","1.2654875283446712","1.3235374149659864","0.0580498866213152","49.9994675002138","50","0.9036461710929871","0.039637190476059916"
