"sample","timestamp","windowStart","windowEndExclusive","windowSize","hop","expectedHz","expectedLag","expectedCmnd","doubleLag","doubleCmnd","selectedLag","interpolatedLag","selectedCmnd","pitchHz","fractionalMidi","confidence","rms","onsetStrength","onsetCandidate","isSilent","bestLag","bestCmnd","selectionReason","caseId"
"86016","1.95047619048","82432","86528","4096","512","349.228","126","0.233262376451","252","0.0877552078321","251","251.14291066","0.0843478468622","175.597229004","53.0971986598","0.915652155876","0.041147634387","0.121085315943","0","0","251","0.0843478468622","first_minimum_below_0.15","1"
"95232","2.15945578231","91648","95744","4096","512","349.228","126","0.154454273874","252","0.099011027266","252","251.676404645","0.099011027266","175.225006104","53.0604618093","0.900988996029","0.0306454896927","0.0987369343638","0","0","252","0.099011027266","first_minimum_below_0.15","1"
"82432","1.86920634921","78848","82944","4096","512","349.228","126","0.419112726138","252","0.12483178792","251","251.406468242","0.124045545974","175.413146973","53.079040273","0.875954449177","0.0368745997548","0.0844261869788","0","0","251","0.124045545974","first_minimum_below_0.15","2"
"135680","3.07664399093","132096","136192","4096","512","329.628","134","0.0616514299797","268","0.0447772588689","133","132.817783765","0.0554786086006","332.033843994","64.1259213394","0.94452136755","0.0583740063012","0.106987006962","0","0","266","0.0270805493153","first_minimum_below_0.15","2"
"123392","2.79800453515","119808","123904","4096","512","329.628","134","0.249770411717","268","0.0983129465202","268","267.942853807","0.0983129465202","164.587341309","51.9761982739","0.901687026024","0.0377887748182","0.0808150842786","0","0","268","0.0983129465202","first_minimum_below_0.15","5"
"71680","1.6253968254","68096","72192","4096","512","349.228","126","0.272255372782","252","0.120005599223","251","251.218766669","0.116979713484","175.544204712","53.0919701421","0.883020281792","0.0397338792682","0.0810600593686","0","0","251","0.116979713484","first_minimum_below_0.15","6"
"70144","1.59056689342","66560","70656","4096","512","349.228","126","0.246619336855","252","0.0993641081807","252","251.505692227","0.0993641081807","175.343948364","53.0722093926","0.900635898113","0.037119448185","0.102274768054","0","0","252","0.0993641081807","first_minimum_below_0.15","7"
"101376","2.2987755102","97792","101888","4096","512","349.228","126","0.290949363692","252","0.0988854631115","252","252.47723029","0.0988854631115","174.669219971","53.0054625201","0.901114523411","0.0331471003592","0.100356563926","0","0","252","0.0988854631115","first_minimum_below_0.15","7"
"79360","1.79954648526","75776","79872","4096","512","329.628","134","0.0321634711652","268","0.0219352665683","133","133.112485289","0.0305816959943","331.298736572","64.0875501345","0.969418287277","0.0822982415557","0.0681042671204","0","0","266","0.0181631838742","first_minimum_below_0.15","8"
"64000","1.45124716553","60416","64512","4096","512","293.665","150","0.0528914946357","300","0.0241031520501","150","149.806510811","0.0528914946357","294.379730225","62.0420977563","0.947108507156","0.142252191901","0.119266986847","0","0","300","0.0241031520501","first_minimum_below_0.15","9"
"41984","0.95201814059","38400","42496","4096","512","293.665","150","0.0208692738456","300","0.00417131658333","150","150.223174635","0.0208692738456","293.563232422","61.9940131701","0.979130744934","0.0998020768166","0.105032011867","0","0","301","0.00391767861437","first_minimum_below_0.15","10"
