caseId,region,strategy,frames,voiced,unvoiced,abstain,halfF4ObservationsNotErrors,medianBaselineVoicedConfidence
N12,release,A_CURRENT,52,46,6,0,32,0.877259612083
N12,release,B_CMND,52,46,6,0,6,0.877259612083
N12,release,C_SPECTRAL,52,46,6,0,0,0.877259612083
N12,release,D_TEMPORAL,52,46,6,0,1,0.877259612083
N12,release,E_COMBINED,52,46,6,0,0,0.877259612083
N12,release,F_ABSTAIN,52,40,6,6,0,0.877259612083
N12,background,A_CURRENT,405,1,404,0,1,0.854590117931
N12,background,B_CMND,405,1,404,0,1,0.854590117931
N12,background,C_SPECTRAL,405,1,404,0,1,0.854590117931
N12,background,D_TEMPORAL,405,1,404,0,1,0.854590117931
N12,background,E_COMBINED,405,1,404,0,1,0.854590117931
N12,background,F_ABSTAIN,405,1,404,0,1,0.854590117931
