"caseId","sha256"
"N01","80416B46E35FB036468880C8C5AB83D5DCC8EE60C322908F56EB64CE11499DF8"
"N02","53F2866BA271A5E917BBE854F835ED533403503D0642619538C883907CFF3607"
"N03","9F30FFA7876D0B474CB136F691A54894ACE9AC35F0D8A0959DC36B27FEABB4C3"
"N04","F340D255AFF8720E33E626C36AAA480875C329F631FA210320213F6BCC87C9B0"
"N05","237125AB93FA4608700759A9EA9D5F8B4E45072E1965AAF1C77B506B13DC94D4"
"N06","3725E7EB0A83757B7DC61ED3FF175C16556F9A48F1FCC0233EC222F2B6A14263"
"N07","355568C5FB704425E54A1753368AA51D2252E63718ED8B254EFC0BD8F62DAA81"
"N08","8FA294AD54F8E3518783D2D8C412D1B68E34B8F32A761CC9ABF4E2BA36DCA08C"
"N09","ADB2163CF00D219A4DC000A9C787BE51EB7CFAB33D2320E1AFDF4692D094ED83"
"N10","543B95C95FCEBEB5483220755EE9B5AEAAF6DC482A00A117F4967D3C5ED061A1"
"N11","B351EC69F9726CE4EAB5B0D0738672612FF1CC38DD78EE2BE7163BAFACDA2DB0"
"N12","182746F0237AAE6E28061F384225671382452EB4D2D6120B7853977BBF68EA26"
