caseId,set,region,startSeconds,endSeconds,expectedMidi,strategy,frames,correct,octaveDown,octaveUp,other,unvoiced,abstain,medianCorrectCents
N01,development,stable,1.3,2.5,53.0,A_CURRENT,104,104,0,0,0,0,0,-0.039287343758915245
N01,development,stable,1.3,2.5,53.0,B_CMND,104,104,0,0,0,0,0,-3.034703466620997
N01,development,stable,1.3,2.5,53.0,C_SPECTRAL,104,104,0,0,0,0,0,-3.034703466620997
N01,development,stable,1.3,2.5,53.0,D_TEMPORAL,104,104,0,0,0,0,0,-3.034703466620997
N01,development,stable,1.3,2.5,53.0,E_COMBINED,104,104,0,0,0,0,0,-3.034703466620997
N01,development,stable,1.3,2.5,53.0,F_ABSTAIN,104,104,0,0,0,0,0,-3.034703466620997
N02,development,stable,1.1,2.3,65.0,A_CURRENT,104,104,0,0,0,0,0,3.1004318157004476
N02,development,stable,1.1,2.3,65.0,B_CMND,104,104,0,0,0,0,0,3.821677969202926
N02,development,stable,1.1,2.3,65.0,C_SPECTRAL,104,104,0,0,0,0,0,3.821677969202926
N02,development,stable,1.1,2.3,65.0,D_TEMPORAL,104,104,0,0,0,0,0,3.821677969202926
N02,development,stable,1.1,2.3,65.0,E_COMBINED,104,103,0,0,1,0,0,3.821677969202926
N02,development,stable,1.1,2.3,65.0,F_ABSTAIN,104,103,0,0,1,0,0,3.821677969202926
N03,development,stable,1.3,1.65,77.0,A_CURRENT,31,30,0,0,1,0,0,10.2526361836587
N03,development,stable,1.3,1.65,77.0,B_CMND,31,31,0,0,0,0,0,3.821677969202926
N03,development,stable,1.3,1.65,77.0,C_SPECTRAL,31,30,0,0,1,0,0,3.821677969202926
N03,development,stable,1.3,1.65,77.0,D_TEMPORAL,31,0,0,0,31,0,0,
N03,development,stable,1.3,1.65,77.0,E_COMBINED,31,30,0,0,1,0,0,3.821677969202926
N03,development,stable,1.3,1.65,77.0,F_ABSTAIN,31,30,0,0,0,0,1,3.821677969202926
N04,heldout,stable,1.1,2.6,52.0,A_CURRENT,129,129,0,0,0,0,0,1.7065074976739876
N04,heldout,stable,1.1,2.6,52.0,B_CMND,129,129,0,0,0,0,0,3.7224681456867845
N04,heldout,stable,1.1,2.6,52.0,C_SPECTRAL,129,129,0,0,0,0,0,3.7224681456867845
N04,heldout,stable,1.1,2.6,52.0,D_TEMPORAL,129,129,0,0,0,0,0,3.7224681456867845
N04,heldout,stable,1.1,2.6,52.0,E_COMBINED,129,129,0,0,0,0,0,3.7224681456867845
N04,heldout,stable,1.1,2.6,52.0,F_ABSTAIN,129,129,0,0,0,0,0,3.7224681456867845
N05,heldout,stable,1.02,1.43,64.0,A_CURRENT,36,36,0,0,0,0,0,10.237473716667761
N05,heldout,stable,1.02,1.43,64.0,B_CMND,36,36,0,0,0,0,0,10.218663565477078
N05,heldout,stable,1.02,1.43,64.0,C_SPECTRAL,36,36,0,0,0,0,0,10.218663565477078
N05,heldout,stable,1.02,1.43,64.0,D_TEMPORAL,36,36,0,0,0,0,0,10.218663565477078
N05,heldout,stable,1.02,1.43,64.0,E_COMBINED,36,36,0,0,0,0,0,10.218663565477078
N05,heldout,stable,1.02,1.43,64.0,F_ABSTAIN,36,36,0,0,0,0,0,10.218663565477078
N06,heldout,stable,1.07,1.55,76.0,A_CURRENT,41,41,0,0,0,0,0,10.810351537354103
N06,heldout,stable,1.07,1.55,76.0,B_CMND,41,41,0,0,0,0,0,23.284642939429975
N06,heldout,stable,1.07,1.55,76.0,C_SPECTRAL,41,41,0,0,0,0,0,23.284642939429975
N06,heldout,stable,1.07,1.55,76.0,D_TEMPORAL,41,41,0,0,0,0,0,23.284642939429975
N06,heldout,stable,1.07,1.55,76.0,E_COMBINED,41,41,0,0,0,0,0,23.284642939429975
N06,heldout,stable,1.07,1.55,76.0,F_ABSTAIN,41,41,0,0,0,0,0,23.284642939429975
N07,development,stable,1.35,2.55,53.0,A_CURRENT,103,103,0,0,0,0,0,0.15268732145696498
N07,development,stable,1.35,2.55,53.0,B_CMND,103,103,0,0,0,0,0,-3.034703466620997
N07,development,stable,1.35,2.55,53.0,C_SPECTRAL,103,103,0,0,0,0,0,-3.034703466620997
N07,development,stable,1.35,2.55,53.0,D_TEMPORAL,103,103,0,0,0,0,0,-3.034703466620997
N07,development,stable,1.35,2.55,53.0,E_COMBINED,103,103,0,0,0,0,0,-3.034703466620997
N07,development,stable,1.35,2.55,53.0,F_ABSTAIN,103,103,0,0,0,0,0,-3.034703466620997
N07,development,stable,3.05,4.35,65.0,A_CURRENT,112,112,0,0,0,0,0,3.4579972955708835
N07,development,stable,3.05,4.35,65.0,B_CMND,112,112,0,0,0,0,0,3.821677969202926
N07,development,stable,3.05,4.35,65.0,C_SPECTRAL,112,112,0,0,0,0,0,3.821677969202926
N07,development,stable,3.05,4.35,65.0,D_TEMPORAL,112,112,0,0,0,0,0,3.821677969202926
N07,development,stable,3.05,4.35,65.0,E_COMBINED,112,112,0,0,0,0,0,3.821677969202926
N07,development,stable,3.05,4.35,65.0,F_ABSTAIN,112,112,0,0,0,0,0,3.821677969202926
N08,heldout,stable,1.2,2.3,65.0,A_CURRENT,95,95,0,0,0,0,0,3.8449243639272366
N08,heldout,stable,1.2,2.3,65.0,B_CMND,95,95,0,0,0,0,0,3.821677969202926
N08,heldout,stable,1.2,2.3,65.0,C_SPECTRAL,95,95,0,0,0,0,0,3.821677969202926
N08,heldout,stable,1.2,2.3,65.0,D_TEMPORAL,95,95,0,0,0,0,0,3.821677969202926
N08,heldout,stable,1.2,2.3,65.0,E_COMBINED,95,95,0,0,0,0,0,3.821677969202926
N08,heldout,stable,1.2,2.3,65.0,F_ABSTAIN,95,95,0,0,0,0,0,3.821677969202926
N08,heldout,stable,3.05,4.45,53.0,A_CURRENT,121,121,0,0,0,0,0,-0.909113002747098
N08,heldout,stable,3.05,4.45,53.0,B_CMND,121,121,0,0,0,0,0,-3.034703466620997
N08,heldout,stable,3.05,4.45,53.0,C_SPECTRAL,121,121,0,0,0,0,0,-3.034703466620997
N08,heldout,stable,3.05,4.45,53.0,D_TEMPORAL,121,121,0,0,0,0,0,-3.034703466620997
N08,heldout,stable,3.05,4.45,53.0,E_COMBINED,121,121,0,0,0,0,0,-3.034703466620997
N08,heldout,stable,3.05,4.45,53.0,F_ABSTAIN,121,121,0,0,0,0,0,-3.034703466620997
N09,development,stable,1.15,2.35,65.0,A_CURRENT,103,103,0,0,0,0,0,2.6863004460340285
N09,development,stable,1.15,2.35,65.0,B_CMND,103,103,0,0,0,0,0,3.821677969202926
N09,development,stable,1.15,2.35,65.0,C_SPECTRAL,103,103,0,0,0,0,0,3.821677969202926
N09,development,stable,1.15,2.35,65.0,D_TEMPORAL,103,103,0,0,0,0,0,3.821677969202926
N09,development,stable,1.15,2.35,65.0,E_COMBINED,103,103,0,0,0,0,0,3.821677969202926
N09,development,stable,1.15,2.35,65.0,F_ABSTAIN,103,103,0,0,0,0,0,3.821677969202926
N09,development,stable,3.05,3.42,77.0,A_CURRENT,32,28,0,0,4,0,0,10.24225910852613
N09,development,stable,3.05,3.42,77.0,B_CMND,32,32,0,0,0,0,0,3.821677969202926
N09,development,stable,3.05,3.42,77.0,C_SPECTRAL,32,32,0,0,0,0,0,3.821677969202926
N09,development,stable,3.05,3.42,77.0,D_TEMPORAL,32,32,0,0,0,0,0,3.821677969202926
N09,development,stable,3.05,3.42,77.0,E_COMBINED,32,32,0,0,0,0,0,3.821677969202926
N09,development,stable,3.05,3.42,77.0,F_ABSTAIN,32,32,0,0,0,0,0,3.821677969202926
N10,heldout,stable,1.33,1.67,77.0,A_CURRENT,29,26,0,0,1,2,0,10.314446164865934
N10,heldout,stable,1.33,1.67,77.0,B_CMND,29,27,0,0,0,2,0,3.821677969202926
N10,heldout,stable,1.33,1.67,77.0,C_SPECTRAL,29,27,0,0,0,2,0,3.821677969202926
N10,heldout,stable,1.33,1.67,77.0,D_TEMPORAL,29,0,0,0,27,2,0,
N10,heldout,stable,1.33,1.67,77.0,E_COMBINED,29,27,0,0,0,2,0,3.821677969202926
N10,heldout,stable,1.33,1.67,77.0,F_ABSTAIN,29,27,0,0,0,2,0,3.821677969202926
N10,heldout,stable,3.25,4.1,65.0,A_CURRENT,74,74,0,0,0,0,0,3.1789575924056384
N10,heldout,stable,3.25,4.1,65.0,B_CMND,74,74,0,0,0,0,0,3.821677969202926
N10,heldout,stable,3.25,4.1,65.0,C_SPECTRAL,74,74,0,0,0,0,0,3.821677969202926
N10,heldout,stable,3.25,4.1,65.0,D_TEMPORAL,74,74,0,0,0,0,0,3.821677969202926
N10,heldout,stable,3.25,4.1,65.0,E_COMBINED,74,74,0,0,0,0,0,3.821677969202926
N10,heldout,stable,3.25,4.1,65.0,F_ABSTAIN,74,74,0,0,0,0,0,3.821677969202926
N11,development,stable,1.05,2.3,65.0,A_CURRENT,108,108,0,0,0,0,0,3.2207862139539953
N11,development,stable,1.05,2.3,65.0,B_CMND,108,108,0,0,0,0,0,3.821677969202926
N11,development,stable,1.05,2.3,65.0,C_SPECTRAL,108,108,0,0,0,0,0,3.821677969202926
N11,development,stable,1.05,2.3,65.0,D_TEMPORAL,108,108,0,0,0,0,0,3.821677969202926
N11,development,stable,1.05,2.3,65.0,E_COMBINED,108,108,0,0,0,0,0,3.821677969202926
N11,development,stable,1.05,2.3,65.0,F_ABSTAIN,108,108,0,0,0,0,0,3.821677969202926
N11,development,stable,3.3,4.7,65.0,A_CURRENT,120,120,0,0,0,0,0,3.6439987860248086
N11,development,stable,3.3,4.7,65.0,B_CMND,120,120,0,0,0,0,0,3.821677969202926
N11,development,stable,3.3,4.7,65.0,C_SPECTRAL,120,120,0,0,0,0,0,3.821677969202926
N11,development,stable,3.3,4.7,65.0,D_TEMPORAL,120,120,0,0,0,0,0,3.821677969202926
N11,development,stable,3.3,4.7,65.0,E_COMBINED,120,120,0,0,0,0,0,3.821677969202926
N11,development,stable,3.3,4.7,65.0,F_ABSTAIN,120,120,0,0,0,0,0,3.821677969202926
N12,heldout,stable,1.25,2.5,65.0,A_CURRENT,108,108,0,0,0,0,0,3.8408487179262774
N12,heldout,stable,1.25,2.5,65.0,B_CMND,108,108,0,0,0,0,0,3.821677969202926
N12,heldout,stable,1.25,2.5,65.0,C_SPECTRAL,108,108,0,0,0,0,0,3.821677969202926
N12,heldout,stable,1.25,2.5,65.0,D_TEMPORAL,108,108,0,0,0,0,0,3.821677969202926
N12,heldout,stable,1.25,2.5,65.0,E_COMBINED,108,108,0,0,0,0,0,3.821677969202926
N12,heldout,stable,1.25,2.5,65.0,F_ABSTAIN,108,108,0,0,0,0,0,3.821677969202926
P01,development,stable_diagnostic,1.75,2.36,65.0,A_CURRENT,53,7,34,0,0,12,0,11.31678318045857
P01,development,stable_diagnostic,1.75,2.36,65.0,B_CMND,53,36,5,0,0,12,0,17.61644457459822
P01,development,stable_diagnostic,1.75,2.36,65.0,C_SPECTRAL,53,39,2,0,0,12,0,17.61644457459822
P01,development,stable_diagnostic,1.75,2.36,65.0,D_TEMPORAL,53,0,41,0,0,12,0,
P01,development,stable_diagnostic,1.75,2.36,65.0,E_COMBINED,53,39,2,0,0,12,0,17.61644457459822
P01,development,stable_diagnostic,1.75,2.36,65.0,F_ABSTAIN,53,36,2,0,0,12,3,17.61644457459822
P01,development,stable_diagnostic,2.85,3.46,64.0,A_CURRENT,53,33,9,0,1,10,0,11.68459653490324
P01,development,stable_diagnostic,2.85,3.46,64.0,B_CMND,53,42,1,0,0,10,0,10.218663565477078
P01,development,stable_diagnostic,2.85,3.46,64.0,C_SPECTRAL,53,42,1,0,0,10,0,10.218663565477078
P01,development,stable_diagnostic,2.85,3.46,64.0,D_TEMPORAL,53,0,0,0,43,10,0,
P01,development,stable_diagnostic,2.85,3.46,64.0,E_COMBINED,53,42,1,0,0,10,0,10.218663565477078
P01,development,stable_diagnostic,2.85,3.46,64.0,F_ABSTAIN,53,42,1,0,0,10,0,10.218663565477078
P02,development,stable_diagnostic,1.75,2.25,65.0,A_CURRENT,43,9,23,0,0,11,0,11.817358504783243
P02,development,stable_diagnostic,1.75,2.25,65.0,B_CMND,43,23,9,0,0,11,0,17.61644457459822
P02,development,stable_diagnostic,1.75,2.25,65.0,C_SPECTRAL,43,28,4,0,0,11,0,17.61644457459822
P02,development,stable_diagnostic,1.75,2.25,65.0,D_TEMPORAL,43,0,32,0,0,11,0,
P02,development,stable_diagnostic,1.75,2.25,65.0,E_COMBINED,43,28,4,0,0,11,0,17.61644457459822
P02,development,stable_diagnostic,1.75,2.25,65.0,F_ABSTAIN,43,23,4,0,0,11,5,17.61644457459822
P02,development,stable_diagnostic,2.85,4.1,64.0,A_CURRENT,108,45,56,0,0,7,0,11.662307975578463
P02,development,stable_diagnostic,2.85,4.1,64.0,B_CMND,108,63,38,0,0,7,0,10.218663565477078
P02,development,stable_diagnostic,2.85,4.1,64.0,C_SPECTRAL,108,76,25,0,0,7,0,10.218663565477078
P02,development,stable_diagnostic,2.85,4.1,64.0,D_TEMPORAL,108,0,101,0,0,7,0,
P02,development,stable_diagnostic,2.85,4.1,64.0,E_COMBINED,108,76,25,0,0,7,0,10.218663565477078
P02,development,stable_diagnostic,2.85,4.1,64.0,F_ABSTAIN,108,63,25,0,0,7,13,10.218663565477078
P03,development,stable_diagnostic,2.7,3.55,65.0,A_CURRENT,73,0,0,0,6,67,0,
P03,development,stable_diagnostic,2.7,3.55,65.0,B_CMND,73,0,0,0,6,67,0,
P03,development,stable_diagnostic,2.7,3.55,65.0,C_SPECTRAL,73,0,0,0,6,67,0,
P03,development,stable_diagnostic,2.7,3.55,65.0,D_TEMPORAL,73,0,0,0,6,67,0,
P03,development,stable_diagnostic,2.7,3.55,65.0,E_COMBINED,73,0,0,0,6,67,0,
P03,development,stable_diagnostic,2.7,3.55,65.0,F_ABSTAIN,73,0,0,0,6,67,0,
P03,development,stable_diagnostic,3.55,4.65,64.0,A_CURRENT,95,39,36,0,0,20,0,8.858348610065672
P03,development,stable_diagnostic,3.55,4.65,64.0,B_CMND,95,56,19,0,0,20,0,10.218663565477078
P03,development,stable_diagnostic,3.55,4.65,64.0,C_SPECTRAL,95,66,9,0,0,20,0,10.218663565477078
P03,development,stable_diagnostic,3.55,4.65,64.0,D_TEMPORAL,95,0,75,0,0,20,0,
P03,development,stable_diagnostic,3.55,4.65,64.0,E_COMBINED,95,66,9,0,0,20,0,10.218663565477078
P03,development,stable_diagnostic,3.55,4.65,64.0,F_ABSTAIN,95,56,9,0,0,20,10,10.218663565477078
P04,development,stable_diagnostic,1.25,1.88,65.0,A_CURRENT,54,0,0,0,0,54,0,
P04,development,stable_diagnostic,1.25,1.88,65.0,B_CMND,54,0,0,0,0,54,0,
P04,development,stable_diagnostic,1.25,1.88,65.0,C_SPECTRAL,54,0,0,0,0,54,0,
P04,development,stable_diagnostic,1.25,1.88,65.0,D_TEMPORAL,54,0,0,0,0,54,0,
P04,development,stable_diagnostic,1.25,1.88,65.0,E_COMBINED,54,0,0,0,0,54,0,
P04,development,stable_diagnostic,1.25,1.88,65.0,F_ABSTAIN,54,0,0,0,0,54,0,
P04,development,stable_diagnostic,1.85,2.25,64.0,A_CURRENT,34,17,6,0,0,11,0,11.614227390468573
P04,development,stable_diagnostic,1.85,2.25,64.0,B_CMND,34,18,5,0,0,11,0,10.218663565477078
P04,development,stable_diagnostic,1.85,2.25,64.0,C_SPECTRAL,34,19,4,0,0,11,0,10.218663565477078
P04,development,stable_diagnostic,1.85,2.25,64.0,D_TEMPORAL,34,0,23,0,0,11,0,
P04,development,stable_diagnostic,1.85,2.25,64.0,E_COMBINED,34,19,4,0,0,11,0,10.218663565477078
P04,development,stable_diagnostic,1.85,2.25,64.0,F_ABSTAIN,34,18,4,0,0,11,1,10.218663565477078
P05,development,stable_diagnostic,1.6,2.55,65.0,A_CURRENT,82,0,0,0,0,82,0,
P05,development,stable_diagnostic,1.6,2.55,65.0,B_CMND,82,0,0,0,0,82,0,
P05,development,stable_diagnostic,1.6,2.55,65.0,C_SPECTRAL,82,0,0,0,0,82,0,
P05,development,stable_diagnostic,1.6,2.55,65.0,D_TEMPORAL,82,0,0,0,0,82,0,
P05,development,stable_diagnostic,1.6,2.55,65.0,E_COMBINED,82,0,0,0,0,82,0,
P05,development,stable_diagnostic,1.6,2.55,65.0,F_ABSTAIN,82,0,0,0,0,82,0,
P05,development,stable_diagnostic,2.55,3.2,64.0,A_CURRENT,56,0,23,0,2,31,0,
P05,development,stable_diagnostic,2.55,3.2,64.0,B_CMND,56,15,8,0,2,31,0,23.284642939429975
P05,development,stable_diagnostic,2.55,3.2,64.0,C_SPECTRAL,56,17,6,0,2,31,0,23.284642939429975
P05,development,stable_diagnostic,2.55,3.2,64.0,D_TEMPORAL,56,0,23,0,2,31,0,
P05,development,stable_diagnostic,2.55,3.2,64.0,E_COMBINED,56,17,6,0,2,31,0,23.284642939429975
P05,development,stable_diagnostic,2.55,3.2,64.0,F_ABSTAIN,56,15,6,0,2,31,2,23.284642939429975
P06,heldout,stable_diagnostic,1.35,2.05,65.0,A_CURRENT,60,8,31,0,0,21,0,12.103422425909903
P06,heldout,stable_diagnostic,1.35,2.05,65.0,B_CMND,60,31,8,0,0,21,0,17.61644457459822
P06,heldout,stable_diagnostic,1.35,2.05,65.0,C_SPECTRAL,60,35,4,0,0,21,0,17.61644457459822
P06,heldout,stable_diagnostic,1.35,2.05,65.0,D_TEMPORAL,60,0,39,0,0,21,0,
P06,heldout,stable_diagnostic,1.35,2.05,65.0,E_COMBINED,60,35,4,0,0,21,0,17.61644457459822
P06,heldout,stable_diagnostic,1.35,2.05,65.0,F_ABSTAIN,60,29,2,0,0,21,8,17.61644457459822
P06,heldout,stable_diagnostic,2.4,3.4,64.0,A_CURRENT,86,34,36,0,0,16,0,11.39816670230066
P06,heldout,stable_diagnostic,2.4,3.4,64.0,B_CMND,86,62,8,0,0,16,0,10.218663565477078
P06,heldout,stable_diagnostic,2.4,3.4,64.0,C_SPECTRAL,86,66,4,0,0,16,0,10.218663565477078
P06,heldout,stable_diagnostic,2.4,3.4,64.0,D_TEMPORAL,86,0,70,0,0,16,0,
P06,heldout,stable_diagnostic,2.4,3.4,64.0,E_COMBINED,86,66,4,0,0,16,0,10.218663565477078
P06,heldout,stable_diagnostic,2.4,3.4,64.0,F_ABSTAIN,86,62,4,0,0,16,4,10.218663565477078
P07,development,stable_diagnostic,1.45,1.85,65.0,A_CURRENT,35,0,12,0,2,21,0,
P07,development,stable_diagnostic,1.45,1.85,65.0,B_CMND,35,11,3,0,0,21,0,17.61644457459822
P07,development,stable_diagnostic,1.45,1.85,65.0,C_SPECTRAL,35,13,1,0,0,21,0,17.61644457459822
P07,development,stable_diagnostic,1.45,1.85,65.0,D_TEMPORAL,35,0,0,0,14,21,0,
P07,development,stable_diagnostic,1.45,1.85,65.0,E_COMBINED,35,13,1,0,0,21,0,17.61644457459822
P07,development,stable_diagnostic,1.45,1.85,65.0,F_ABSTAIN,35,11,1,0,0,21,2,17.61644457459822
P07,development,stable_diagnostic,2.05,2.55,65.0,A_CURRENT,43,0,26,0,1,16,0,
P07,development,stable_diagnostic,2.05,2.55,65.0,B_CMND,43,17,10,0,0,16,0,17.61644457459822
P07,development,stable_diagnostic,2.05,2.55,65.0,C_SPECTRAL,43,25,2,0,0,16,0,17.61644457459822
P07,development,stable_diagnostic,2.05,2.55,65.0,D_TEMPORAL,43,0,27,0,0,16,0,
P07,development,stable_diagnostic,2.05,2.55,65.0,E_COMBINED,43,25,2,0,0,16,0,17.61644457459822
P07,development,stable_diagnostic,2.05,2.55,65.0,F_ABSTAIN,43,17,2,0,0,16,8,17.61644457459822
P08,heldout,stable_diagnostic,1.55,2.12,64.0,A_CURRENT,49,32,6,0,0,11,0,8.75501344842099
P08,heldout,stable_diagnostic,1.55,2.12,64.0,B_CMND,49,33,5,0,0,11,0,10.218663565477078
P08,heldout,stable_diagnostic,1.55,2.12,64.0,C_SPECTRAL,49,33,5,0,0,11,0,10.218663565477078
P08,heldout,stable_diagnostic,1.55,2.12,64.0,D_TEMPORAL,49,35,3,0,0,11,0,10.218663565477078
P08,heldout,stable_diagnostic,1.55,2.12,64.0,E_COMBINED,49,33,5,0,0,11,0,10.218663565477078
P08,heldout,stable_diagnostic,1.55,2.12,64.0,F_ABSTAIN,49,33,5,0,0,11,0,10.218663565477078
P08,heldout,stable_diagnostic,2.2,2.8,64.0,A_CURRENT,52,41,4,0,0,7,0,8.429499274602263
P08,heldout,stable_diagnostic,2.2,2.8,64.0,B_CMND,52,42,3,0,0,7,0,10.218663565477078
P08,heldout,stable_diagnostic,2.2,2.8,64.0,C_SPECTRAL,52,43,2,0,0,7,0,10.218663565477078
P08,heldout,stable_diagnostic,2.2,2.8,64.0,D_TEMPORAL,52,0,45,0,0,7,0,
P08,heldout,stable_diagnostic,2.2,2.8,64.0,E_COMBINED,52,43,2,0,0,7,0,10.218663565477078
P08,heldout,stable_diagnostic,2.2,2.8,64.0,F_ABSTAIN,52,42,2,0,0,7,1,10.218663565477078
P09,development,stable_diagnostic,1.3,1.8,62.0,A_CURRENT,44,19,9,0,0,16,0,2.829261192730361
P09,development,stable_diagnostic,1.3,1.8,62.0,B_CMND,44,23,5,0,0,16,0,1.975157574045776
P09,development,stable_diagnostic,1.3,1.8,62.0,C_SPECTRAL,44,24,4,0,0,16,0,1.975157574045776
P09,development,stable_diagnostic,1.3,1.8,62.0,D_TEMPORAL,44,25,3,0,0,16,0,1.975157574045776
P09,development,stable_diagnostic,1.3,1.8,62.0,E_COMBINED,44,24,4,0,0,16,0,1.975157574045776
P09,development,stable_diagnostic,1.3,1.8,62.0,F_ABSTAIN,44,23,4,0,0,16,1,1.975157574045776
P10,heldout,stable_diagnostic,0.72,1.35,62.0,A_CURRENT,54,41,7,0,0,6,0,-0.3791314587625427
P10,heldout,stable_diagnostic,0.72,1.35,62.0,B_CMND,54,42,6,0,0,6,0,1.975157574045776
P10,heldout,stable_diagnostic,0.72,1.35,62.0,C_SPECTRAL,54,42,6,0,0,6,0,1.975157574045776
P10,heldout,stable_diagnostic,0.72,1.35,62.0,D_TEMPORAL,54,0,48,0,0,6,0,
P10,heldout,stable_diagnostic,0.72,1.35,62.0,E_COMBINED,54,42,6,0,0,6,0,1.975157574045776
P10,heldout,stable_diagnostic,0.72,1.35,62.0,F_ABSTAIN,54,42,6,0,0,6,0,1.975157574045776
C01,development,stable_diagnostic,0.35,0.7,60.0,A_CURRENT,30,30,0,0,0,0,0,2.5515638178042543
C01,development,stable_diagnostic,0.35,0.7,60.0,B_CMND,30,30,0,0,0,0,0,5.7766788345905695
C01,development,stable_diagnostic,0.35,0.7,60.0,C_SPECTRAL,30,30,0,0,0,0,0,5.7766788345905695
C01,development,stable_diagnostic,0.35,0.7,60.0,D_TEMPORAL,30,30,0,0,0,0,0,5.7766788345905695
C01,development,stable_diagnostic,0.35,0.7,60.0,E_COMBINED,30,30,0,0,0,0,0,5.7766788345905695
C01,development,stable_diagnostic,0.35,0.7,60.0,F_ABSTAIN,30,30,0,0,0,0,0,5.7766788345905695
C01,development,stable_diagnostic,0.91,0.99,62.0,A_CURRENT,7,7,0,0,0,0,0,5.002324288684441
C01,development,stable_diagnostic,0.91,0.99,62.0,B_CMND,7,7,0,0,0,0,0,1.975157574045776
C01,development,stable_diagnostic,0.91,0.99,62.0,C_SPECTRAL,7,7,0,0,0,0,0,1.975157574045776
C01,development,stable_diagnostic,0.91,0.99,62.0,D_TEMPORAL,7,7,0,0,0,0,0,1.975157574045776
C01,development,stable_diagnostic,0.91,0.99,62.0,E_COMBINED,7,7,0,0,0,0,0,1.975157574045776
C01,development,stable_diagnostic,0.91,0.99,62.0,F_ABSTAIN,7,7,0,0,0,0,0,1.975157574045776
C01,development,stable_diagnostic,1.17,1.32,64.0,A_CURRENT,13,13,0,0,0,0,0,9.051447629876417
C01,development,stable_diagnostic,1.17,1.32,64.0,B_CMND,13,13,0,0,0,0,0,10.218663565477078
C01,development,stable_diagnostic,1.17,1.32,64.0,C_SPECTRAL,13,13,0,0,0,0,0,10.218663565477078
C01,development,stable_diagnostic,1.17,1.32,64.0,D_TEMPORAL,13,13,0,0,0,0,0,10.218663565477078
C01,development,stable_diagnostic,1.17,1.32,64.0,E_COMBINED,13,13,0,0,0,0,0,10.218663565477078
C01,development,stable_diagnostic,1.17,1.32,64.0,F_ABSTAIN,13,13,0,0,0,0,0,10.218663565477078
C01,development,stable_diagnostic,1.46,1.68,65.0,A_CURRENT,19,19,0,0,0,0,0,2.650350013892994
C01,development,stable_diagnostic,1.46,1.68,65.0,B_CMND,19,19,0,0,0,0,0,3.821677969202926
C01,development,stable_diagnostic,1.46,1.68,65.0,C_SPECTRAL,19,19,0,0,0,0,0,3.821677969202926
C01,development,stable_diagnostic,1.46,1.68,65.0,D_TEMPORAL,19,19,0,0,0,0,0,3.821677969202926
C01,development,stable_diagnostic,1.46,1.68,65.0,E_COMBINED,19,19,0,0,0,0,0,3.821677969202926
C01,development,stable_diagnostic,1.46,1.68,65.0,F_ABSTAIN,19,19,0,0,0,0,0,3.821677969202926
C01,development,stable_diagnostic,1.88,2.05,64.0,A_CURRENT,15,15,0,0,0,0,0,11.174594313822524
C01,development,stable_diagnostic,1.88,2.05,64.0,B_CMND,15,15,0,0,0,0,0,10.218663565477078
C01,development,stable_diagnostic,1.88,2.05,64.0,C_SPECTRAL,15,15,0,0,0,0,0,10.218663565477078
C01,development,stable_diagnostic,1.88,2.05,64.0,D_TEMPORAL,15,15,0,0,0,0,0,10.218663565477078
C01,development,stable_diagnostic,1.88,2.05,64.0,E_COMBINED,15,15,0,0,0,0,0,10.218663565477078
C01,development,stable_diagnostic,1.88,2.05,64.0,F_ABSTAIN,15,15,0,0,0,0,0,10.218663565477078
C01,development,stable_diagnostic,2.2,2.4,62.0,A_CURRENT,17,17,0,0,0,0,0,7.41541554809594
C01,development,stable_diagnostic,2.2,2.4,62.0,B_CMND,17,17,0,0,0,0,0,1.975157574045776
C01,development,stable_diagnostic,2.2,2.4,62.0,C_SPECTRAL,17,17,0,0,0,0,0,1.975157574045776
C01,development,stable_diagnostic,2.2,2.4,62.0,D_TEMPORAL,17,17,0,0,0,0,0,1.975157574045776
C01,development,stable_diagnostic,2.2,2.4,62.0,E_COMBINED,17,17,0,0,0,0,0,1.975157574045776
C01,development,stable_diagnostic,2.2,2.4,62.0,F_ABSTAIN,17,17,0,0,0,0,0,1.975157574045776
C01,development,stable_diagnostic,2.6,2.85,60.0,A_CURRENT,22,22,0,0,0,0,0,2.938072469594669
C01,development,stable_diagnostic,2.6,2.85,60.0,B_CMND,22,22,0,0,0,0,0,5.7766788345905695
C01,development,stable_diagnostic,2.6,2.85,60.0,C_SPECTRAL,22,21,0,1,0,0,0,5.7766788345905695
C01,development,stable_diagnostic,2.6,2.85,60.0,D_TEMPORAL,22,22,0,0,0,0,0,5.7766788345905695
C01,development,stable_diagnostic,2.6,2.85,60.0,E_COMBINED,22,21,0,1,0,0,0,5.7766788345905695
C01,development,stable_diagnostic,2.6,2.85,60.0,F_ABSTAIN,22,21,0,0,0,0,1,5.7766788345905695
C02,development,stable_diagnostic,0.3,0.7,60.0,A_CURRENT,35,35,0,0,0,0,0,3.5965715432864664
C02,development,stable_diagnostic,0.3,0.7,60.0,B_CMND,35,35,0,0,0,0,0,5.7766788345905695
C02,development,stable_diagnostic,0.3,0.7,60.0,C_SPECTRAL,35,35,0,0,0,0,0,5.7766788345905695
C02,development,stable_diagnostic,0.3,0.7,60.0,D_TEMPORAL,35,35,0,0,0,0,0,5.7766788345905695
C02,development,stable_diagnostic,0.3,0.7,60.0,E_COMBINED,35,35,0,0,0,0,0,5.7766788345905695
C02,development,stable_diagnostic,0.3,0.7,60.0,F_ABSTAIN,35,35,0,0,0,0,0,5.7766788345905695
C02,development,stable_diagnostic,0.87,0.98,62.0,A_CURRENT,10,10,0,0,0,0,0,3.608438287517211
C02,development,stable_diagnostic,0.87,0.98,62.0,B_CMND,10,10,0,0,0,0,0,1.975157574045776
C02,development,stable_diagnostic,0.87,0.98,62.0,C_SPECTRAL,10,10,0,0,0,0,0,1.975157574045776
C02,development,stable_diagnostic,0.87,0.98,62.0,D_TEMPORAL,10,10,0,0,0,0,0,1.975157574045776
C02,development,stable_diagnostic,0.87,0.98,62.0,E_COMBINED,10,10,0,0,0,0,0,1.975157574045776
C02,development,stable_diagnostic,0.87,0.98,62.0,F_ABSTAIN,10,10,0,0,0,0,0,1.975157574045776
C02,development,stable_diagnostic,1.16,1.32,64.0,A_CURRENT,14,14,0,0,0,0,0,8.129767972297351
C02,development,stable_diagnostic,1.16,1.32,64.0,B_CMND,14,14,0,0,0,0,0,10.218663565477078
C02,development,stable_diagnostic,1.16,1.32,64.0,C_SPECTRAL,14,14,0,0,0,0,0,10.218663565477078
C02,development,stable_diagnostic,1.16,1.32,64.0,D_TEMPORAL,14,14,0,0,0,0,0,10.218663565477078
C02,development,stable_diagnostic,1.16,1.32,64.0,E_COMBINED,14,14,0,0,0,0,0,10.218663565477078
C02,development,stable_diagnostic,1.16,1.32,64.0,F_ABSTAIN,14,14,0,0,0,0,0,10.218663565477078
C02,development,stable_diagnostic,1.48,1.71,65.0,A_CURRENT,20,20,0,0,0,0,0,6.629063180076409
C02,development,stable_diagnostic,1.48,1.71,65.0,B_CMND,20,20,0,0,0,0,0,3.821677969202926
C02,development,stable_diagnostic,1.48,1.71,65.0,C_SPECTRAL,20,20,0,0,0,0,0,3.821677969202926
C02,development,stable_diagnostic,1.48,1.71,65.0,D_TEMPORAL,20,20,0,0,0,0,0,3.821677969202926
C02,development,stable_diagnostic,1.48,1.71,65.0,E_COMBINED,20,20,0,0,0,0,0,3.821677969202926
C02,development,stable_diagnostic,1.48,1.71,65.0,F_ABSTAIN,20,20,0,0,0,0,0,3.821677969202926
C02,development,stable_diagnostic,1.91,2.08,64.0,A_CURRENT,15,15,0,0,0,0,0,10.916112473946242
C02,development,stable_diagnostic,1.91,2.08,64.0,B_CMND,15,15,0,0,0,0,0,10.218663565477078
C02,development,stable_diagnostic,1.91,2.08,64.0,C_SPECTRAL,15,15,0,0,0,0,0,10.218663565477078
C02,development,stable_diagnostic,1.91,2.08,64.0,D_TEMPORAL,15,15,0,0,0,0,0,10.218663565477078
C02,development,stable_diagnostic,1.91,2.08,64.0,E_COMBINED,15,15,0,0,0,0,0,10.218663565477078
C02,development,stable_diagnostic,1.91,2.08,64.0,F_ABSTAIN,15,15,0,0,0,0,0,10.218663565477078
C02,development,stable_diagnostic,2.25,2.5,62.0,A_CURRENT,22,22,0,0,0,0,0,4.199366196217547
C02,development,stable_diagnostic,2.25,2.5,62.0,B_CMND,22,22,0,0,0,0,0,1.975157574045776
C02,development,stable_diagnostic,2.25,2.5,62.0,C_SPECTRAL,22,22,0,0,0,0,0,1.975157574045776
C02,development,stable_diagnostic,2.25,2.5,62.0,D_TEMPORAL,22,22,0,0,0,0,0,1.975157574045776
C02,development,stable_diagnostic,2.25,2.5,62.0,E_COMBINED,22,22,0,0,0,0,0,1.975157574045776
C02,development,stable_diagnostic,2.25,2.5,62.0,F_ABSTAIN,22,22,0,0,0,0,0,1.975157574045776
C02,development,stable_diagnostic,2.7,3.0,60.0,A_CURRENT,26,26,0,0,0,0,0,3.5935487016897447
C02,development,stable_diagnostic,2.7,3.0,60.0,B_CMND,26,26,0,0,0,0,0,5.7766788345905695
C02,development,stable_diagnostic,2.7,3.0,60.0,C_SPECTRAL,26,26,0,0,0,0,0,5.7766788345905695
C02,development,stable_diagnostic,2.7,3.0,60.0,D_TEMPORAL,26,26,0,0,0,0,0,5.7766788345905695
C02,development,stable_diagnostic,2.7,3.0,60.0,E_COMBINED,26,26,0,0,0,0,0,5.7766788345905695
C02,development,stable_diagnostic,2.7,3.0,60.0,F_ABSTAIN,26,26,0,0,0,0,0,5.7766788345905695
C03,development,stable_diagnostic,0.45,0.8,60.0,A_CURRENT,30,30,0,0,0,0,0,3.670125675887037
C03,development,stable_diagnostic,0.45,0.8,60.0,B_CMND,30,30,0,0,0,0,0,5.7766788345905695
C03,development,stable_diagnostic,0.45,0.8,60.0,C_SPECTRAL,30,30,0,0,0,0,0,5.7766788345905695
C03,development,stable_diagnostic,0.45,0.8,60.0,D_TEMPORAL,30,30,0,0,0,0,0,5.7766788345905695
C03,development,stable_diagnostic,0.45,0.8,60.0,E_COMBINED,30,30,0,0,0,0,0,5.7766788345905695
C03,development,stable_diagnostic,0.45,0.8,60.0,F_ABSTAIN,30,30,0,0,0,0,0,5.7766788345905695
C03,development,stable_diagnostic,0.97,1.1,62.0,A_CURRENT,11,11,0,0,0,0,0,3.4770137796798952
C03,development,stable_diagnostic,0.97,1.1,62.0,B_CMND,11,11,0,0,0,0,0,1.975157574045776
C03,development,stable_diagnostic,0.97,1.1,62.0,C_SPECTRAL,11,11,0,0,0,0,0,1.975157574045776
C03,development,stable_diagnostic,0.97,1.1,62.0,D_TEMPORAL,11,11,0,0,0,0,0,1.975157574045776
C03,development,stable_diagnostic,0.97,1.1,62.0,E_COMBINED,11,11,0,0,0,0,0,1.975157574045776
C03,development,stable_diagnostic,0.97,1.1,62.0,F_ABSTAIN,11,11,0,0,0,0,0,1.975157574045776
C03,development,stable_diagnostic,1.28,1.42,64.0,A_CURRENT,12,12,0,0,0,0,0,6.822243381690791
C03,development,stable_diagnostic,1.28,1.42,64.0,B_CMND,12,12,0,0,0,0,0,10.218663565477078
C03,development,stable_diagnostic,1.28,1.42,64.0,C_SPECTRAL,12,12,0,0,0,0,0,10.218663565477078
C03,development,stable_diagnostic,1.28,1.42,64.0,D_TEMPORAL,12,12,0,0,0,0,0,10.218663565477078
C03,development,stable_diagnostic,1.28,1.42,64.0,E_COMBINED,12,12,0,0,0,0,0,10.218663565477078
C03,development,stable_diagnostic,1.28,1.42,64.0,F_ABSTAIN,12,12,0,0,0,0,0,10.218663565477078
C03,development,stable_diagnostic,1.58,1.8,65.0,A_CURRENT,19,19,0,0,0,0,0,5.661555075050046
C03,development,stable_diagnostic,1.58,1.8,65.0,B_CMND,19,19,0,0,0,0,0,3.821677969202926
C03,development,stable_diagnostic,1.58,1.8,65.0,C_SPECTRAL,19,19,0,0,0,0,0,3.821677969202926
C03,development,stable_diagnostic,1.58,1.8,65.0,D_TEMPORAL,19,19,0,0,0,0,0,3.821677969202926
C03,development,stable_diagnostic,1.58,1.8,65.0,E_COMBINED,19,19,0,0,0,0,0,3.821677969202926
C03,development,stable_diagnostic,1.58,1.8,65.0,F_ABSTAIN,19,19,0,0,0,0,0,3.821677969202926
C03,development,stable_diagnostic,1.99,2.15,64.0,A_CURRENT,14,14,0,0,0,0,0,10.097570966079314
C03,development,stable_diagnostic,1.99,2.15,64.0,B_CMND,14,14,0,0,0,0,0,10.218663565477078
C03,development,stable_diagnostic,1.99,2.15,64.0,C_SPECTRAL,14,14,0,0,0,0,0,10.218663565477078
C03,development,stable_diagnostic,1.99,2.15,64.0,D_TEMPORAL,14,14,0,0,0,0,0,10.218663565477078
C03,development,stable_diagnostic,1.99,2.15,64.0,E_COMBINED,14,14,0,0,0,0,0,10.218663565477078
C03,development,stable_diagnostic,1.99,2.15,64.0,F_ABSTAIN,14,14,0,0,0,0,0,10.218663565477078
C03,development,stable_diagnostic,2.32,2.59,62.0,A_CURRENT,24,24,0,0,0,0,0,4.824539301615458
C03,development,stable_diagnostic,2.32,2.59,62.0,B_CMND,24,24,0,0,0,0,0,1.975157574045776
C03,development,stable_diagnostic,2.32,2.59,62.0,C_SPECTRAL,24,24,0,0,0,0,0,1.975157574045776
C03,development,stable_diagnostic,2.32,2.59,62.0,D_TEMPORAL,24,24,0,0,0,0,0,1.975157574045776
C03,development,stable_diagnostic,2.32,2.59,62.0,E_COMBINED,24,24,0,0,0,0,0,1.975157574045776
C03,development,stable_diagnostic,2.32,2.59,62.0,F_ABSTAIN,24,24,0,0,0,0,0,1.975157574045776
C03,development,stable_diagnostic,2.75,3.05,60.0,A_CURRENT,26,26,0,0,0,0,0,4.054772955653639
C03,development,stable_diagnostic,2.75,3.05,60.0,B_CMND,26,24,0,2,0,0,0,5.7766788345905695
C03,development,stable_diagnostic,2.75,3.05,60.0,C_SPECTRAL,26,23,0,3,0,0,0,5.7766788345905695
C03,development,stable_diagnostic,2.75,3.05,60.0,D_TEMPORAL,26,26,0,0,0,0,0,5.7766788345905695
C03,development,stable_diagnostic,2.75,3.05,60.0,E_COMBINED,26,23,0,3,0,0,0,5.7766788345905695
C03,development,stable_diagnostic,2.75,3.05,60.0,F_ABSTAIN,26,23,0,2,0,0,1,5.7766788345905695
C04,heldout,stable_diagnostic,0.32,0.67,60.0,A_CURRENT,30,30,0,0,0,0,0,3.271485303816866
C04,heldout,stable_diagnostic,0.32,0.67,60.0,B_CMND,30,30,0,0,0,0,0,5.7766788345905695
C04,heldout,stable_diagnostic,0.32,0.67,60.0,C_SPECTRAL,30,30,0,0,0,0,0,5.7766788345905695
C04,heldout,stable_diagnostic,0.32,0.67,60.0,D_TEMPORAL,30,30,0,0,0,0,0,5.7766788345905695
C04,heldout,stable_diagnostic,0.32,0.67,60.0,E_COMBINED,30,30,0,0,0,0,0,5.7766788345905695
C04,heldout,stable_diagnostic,0.32,0.67,60.0,F_ABSTAIN,30,30,0,0,0,0,0,5.7766788345905695
C04,heldout,stable_diagnostic,0.88,0.96,62.0,A_CURRENT,7,4,0,0,0,3,0,-4.952448848775196
C04,heldout,stable_diagnostic,0.88,0.96,62.0,B_CMND,7,4,0,0,0,3,0,-9.528101023661396
C04,heldout,stable_diagnostic,0.88,0.96,62.0,C_SPECTRAL,7,4,0,0,0,3,0,-9.528101023661396
C04,heldout,stable_diagnostic,0.88,0.96,62.0,D_TEMPORAL,7,4,0,0,0,3,0,-9.528101023661396
C04,heldout,stable_diagnostic,0.88,0.96,62.0,E_COMBINED,7,4,0,0,0,3,0,-9.528101023661396
C04,heldout,stable_diagnostic,0.88,0.96,62.0,F_ABSTAIN,7,4,0,0,0,3,0,-9.528101023661396
C04,heldout,stable_diagnostic,1.09,1.25,64.0,A_CURRENT,14,14,0,0,0,0,0,6.320707788237661
C04,heldout,stable_diagnostic,1.09,1.25,64.0,B_CMND,14,14,0,0,0,0,0,10.218663565477078
C04,heldout,stable_diagnostic,1.09,1.25,64.0,C_SPECTRAL,14,14,0,0,0,0,0,10.218663565477078
C04,heldout,stable_diagnostic,1.09,1.25,64.0,D_TEMPORAL,14,14,0,0,0,0,0,10.218663565477078
C04,heldout,stable_diagnostic,1.09,1.25,64.0,E_COMBINED,14,14,0,0,0,0,0,10.218663565477078
C04,heldout,stable_diagnostic,1.09,1.25,64.0,F_ABSTAIN,14,14,0,0,0,0,0,10.218663565477078
C04,heldout,stable_diagnostic,1.44,1.66,65.0,A_CURRENT,18,18,0,0,0,0,0,6.503971814149803
C04,heldout,stable_diagnostic,1.44,1.66,65.0,B_CMND,18,18,0,0,0,0,0,3.821677969202926
C04,heldout,stable_diagnostic,1.44,1.66,65.0,C_SPECTRAL,18,18,0,0,0,0,0,3.821677969202926
C04,heldout,stable_diagnostic,1.44,1.66,65.0,D_TEMPORAL,18,18,0,0,0,0,0,3.821677969202926
C04,heldout,stable_diagnostic,1.44,1.66,65.0,E_COMBINED,18,18,0,0,0,0,0,3.821677969202926
C04,heldout,stable_diagnostic,1.44,1.66,65.0,F_ABSTAIN,18,18,0,0,0,0,0,3.821677969202926
C04,heldout,stable_diagnostic,1.8,1.98,64.0,A_CURRENT,15,15,0,0,0,0,0,8.602869907279338
C04,heldout,stable_diagnostic,1.8,1.98,64.0,B_CMND,15,15,0,0,0,0,0,10.218663565477078
C04,heldout,stable_diagnostic,1.8,1.98,64.0,C_SPECTRAL,15,15,0,0,0,0,0,10.218663565477078
C04,heldout,stable_diagnostic,1.8,1.98,64.0,D_TEMPORAL,15,15,0,0,0,0,0,10.218663565477078
C04,heldout,stable_diagnostic,1.8,1.98,64.0,E_COMBINED,15,15,0,0,0,0,0,10.218663565477078
C04,heldout,stable_diagnostic,1.8,1.98,64.0,F_ABSTAIN,15,15,0,0,0,0,0,10.218663565477078
C04,heldout,stable_diagnostic,2.14,2.37,62.0,A_CURRENT,20,20,0,0,0,0,0,4.047883855862224
C04,heldout,stable_diagnostic,2.14,2.37,62.0,B_CMND,20,20,0,0,0,0,0,1.975157574045776
C04,heldout,stable_diagnostic,2.14,2.37,62.0,C_SPECTRAL,20,20,0,0,0,0,0,1.975157574045776
C04,heldout,stable_diagnostic,2.14,2.37,62.0,D_TEMPORAL,20,20,0,0,0,0,0,1.975157574045776
C04,heldout,stable_diagnostic,2.14,2.37,62.0,E_COMBINED,20,20,0,0,0,0,0,1.975157574045776
C04,heldout,stable_diagnostic,2.14,2.37,62.0,F_ABSTAIN,20,20,0,0,0,0,0,1.975157574045776
C04,heldout,stable_diagnostic,2.6,2.83,60.0,A_CURRENT,20,20,0,0,0,0,0,3.001575026758029
C04,heldout,stable_diagnostic,2.6,2.83,60.0,B_CMND,20,20,0,0,0,0,0,5.7766788345905695
C04,heldout,stable_diagnostic,2.6,2.83,60.0,C_SPECTRAL,20,20,0,0,0,0,0,5.7766788345905695
C04,heldout,stable_diagnostic,2.6,2.83,60.0,D_TEMPORAL,20,20,0,0,0,0,0,5.7766788345905695
C04,heldout,stable_diagnostic,2.6,2.83,60.0,E_COMBINED,20,20,0,0,0,0,0,5.7766788345905695
C04,heldout,stable_diagnostic,2.6,2.83,60.0,F_ABSTAIN,20,20,0,0,0,0,0,5.7766788345905695
C05,heldout,stable_diagnostic,0.3,0.67,60.0,A_CURRENT,32,32,0,0,0,0,0,2.4206918306791274
C05,heldout,stable_diagnostic,0.3,0.67,60.0,B_CMND,32,32,0,0,0,0,0,5.7766788345905695
C05,heldout,stable_diagnostic,0.3,0.67,60.0,C_SPECTRAL,32,32,0,0,0,0,0,5.7766788345905695
C05,heldout,stable_diagnostic,0.3,0.67,60.0,D_TEMPORAL,32,32,0,0,0,0,0,5.7766788345905695
C05,heldout,stable_diagnostic,0.3,0.67,60.0,E_COMBINED,32,32,0,0,0,0,0,5.7766788345905695
C05,heldout,stable_diagnostic,0.3,0.67,60.0,F_ABSTAIN,32,32,0,0,0,0,0,5.7766788345905695
C05,heldout,stable_diagnostic,0.83,0.95,62.0,A_CURRENT,10,4,0,0,0,6,0,-8.29624216619371
C05,heldout,stable_diagnostic,0.83,0.95,62.0,B_CMND,10,4,0,0,0,6,0,-9.528101023661396
C05,heldout,stable_diagnostic,0.83,0.95,62.0,C_SPECTRAL,10,4,0,0,0,6,0,-9.528101023661396
C05,heldout,stable_diagnostic,0.83,0.95,62.0,D_TEMPORAL,10,4,0,0,0,6,0,-9.528101023661396
C05,heldout,stable_diagnostic,0.83,0.95,62.0,E_COMBINED,10,4,0,0,0,6,0,-9.528101023661396
C05,heldout,stable_diagnostic,0.83,0.95,62.0,F_ABSTAIN,10,4,0,0,0,6,0,-9.528101023661396
C05,heldout,stable_diagnostic,1.08,1.26,64.0,A_CURRENT,15,15,0,0,0,0,0,4.637002406468806
C05,heldout,stable_diagnostic,1.08,1.26,64.0,B_CMND,15,15,0,0,0,0,0,10.218663565477078
C05,heldout,stable_diagnostic,1.08,1.26,64.0,C_SPECTRAL,15,15,0,0,0,0,0,10.218663565477078
C05,heldout,stable_diagnostic,1.08,1.26,64.0,D_TEMPORAL,15,15,0,0,0,0,0,10.218663565477078
C05,heldout,stable_diagnostic,1.08,1.26,64.0,E_COMBINED,15,15,0,0,0,0,0,10.218663565477078
C05,heldout,stable_diagnostic,1.08,1.26,64.0,F_ABSTAIN,15,15,0,0,0,0,0,10.218663565477078
C05,heldout,stable_diagnostic,1.46,1.66,65.0,A_CURRENT,17,17,0,0,0,0,0,4.082049948343886
C05,heldout,stable_diagnostic,1.46,1.66,65.0,B_CMND,17,17,0,0,0,0,0,3.821677969202926
C05,heldout,stable_diagnostic,1.46,1.66,65.0,C_SPECTRAL,17,17,0,0,0,0,0,3.821677969202926
C05,heldout,stable_diagnostic,1.46,1.66,65.0,D_TEMPORAL,17,17,0,0,0,0,0,3.821677969202926
C05,heldout,stable_diagnostic,1.46,1.66,65.0,E_COMBINED,17,17,0,0,0,0,0,3.821677969202926
C05,heldout,stable_diagnostic,1.46,1.66,65.0,F_ABSTAIN,17,17,0,0,0,0,0,3.821677969202926
C05,heldout,stable_diagnostic,1.8,2.02,64.0,A_CURRENT,18,18,0,0,0,0,0,7.611057584242327
C05,heldout,stable_diagnostic,1.8,2.02,64.0,B_CMND,18,18,0,0,0,0,0,10.218663565477078
C05,heldout,stable_diagnostic,1.8,2.02,64.0,C_SPECTRAL,18,18,0,0,0,0,0,10.218663565477078
C05,heldout,stable_diagnostic,1.8,2.02,64.0,D_TEMPORAL,18,18,0,0,0,0,0,10.218663565477078
C05,heldout,stable_diagnostic,1.8,2.02,64.0,E_COMBINED,18,18,0,0,0,0,0,10.218663565477078
C05,heldout,stable_diagnostic,1.8,2.02,64.0,F_ABSTAIN,18,18,0,0,0,0,0,10.218663565477078
C05,heldout,stable_diagnostic,2.18,2.41,62.0,A_CURRENT,20,20,0,0,0,0,0,2.6943645583784193
C05,heldout,stable_diagnostic,2.18,2.41,62.0,B_CMND,20,20,0,0,0,0,0,1.975157574045776
C05,heldout,stable_diagnostic,2.18,2.41,62.0,C_SPECTRAL,20,20,0,0,0,0,0,1.975157574045776
C05,heldout,stable_diagnostic,2.18,2.41,62.0,D_TEMPORAL,20,20,0,0,0,0,0,1.975157574045776
C05,heldout,stable_diagnostic,2.18,2.41,62.0,E_COMBINED,20,20,0,0,0,0,0,1.975157574045776
C05,heldout,stable_diagnostic,2.18,2.41,62.0,F_ABSTAIN,20,20,0,0,0,0,0,1.975157574045776
C05,heldout,stable_diagnostic,2.62,2.85,60.0,A_CURRENT,20,20,0,0,0,0,0,2.5941102070528963
C05,heldout,stable_diagnostic,2.62,2.85,60.0,B_CMND,20,20,0,0,0,0,0,5.7766788345905695
C05,heldout,stable_diagnostic,2.62,2.85,60.0,C_SPECTRAL,20,20,0,0,0,0,0,5.7766788345905695
C05,heldout,stable_diagnostic,2.62,2.85,60.0,D_TEMPORAL,20,20,0,0,0,0,0,5.7766788345905695
C05,heldout,stable_diagnostic,2.62,2.85,60.0,E_COMBINED,20,20,0,0,0,0,0,5.7766788345905695
C05,heldout,stable_diagnostic,2.62,2.85,60.0,F_ABSTAIN,20,20,0,0,0,0,0,5.7766788345905695
S001,development,stable_synthetic,0.25,0.85,45.0,A_CURRENT,52,52,0,0,0,0,0,0.00468291881528579
S001,development,stable_synthetic,0.25,0.85,45.0,B_CMND,52,52,0,0,0,0,0,-0.39252557899998636
S001,development,stable_synthetic,0.25,0.85,45.0,C_SPECTRAL,52,52,0,0,0,0,0,-0.39252557899998636
S001,development,stable_synthetic,0.25,0.85,45.0,D_TEMPORAL,52,52,0,0,0,0,0,-0.39252557899998636
S001,development,stable_synthetic,0.25,0.85,45.0,E_COMBINED,52,52,0,0,0,0,0,-0.39252557899998636
S001,development,stable_synthetic,0.25,0.85,45.0,F_ABSTAIN,52,52,0,0,0,0,0,-0.39252557899998636
S002,development,stable_synthetic,0.25,0.85,57.0,A_CURRENT,52,52,0,0,0,0,0,0.007924941798040177
S002,development,stable_synthetic,0.25,0.85,57.0,B_CMND,52,52,0,0,0,0,0,3.9301584394330495
S002,development,stable_synthetic,0.25,0.85,57.0,C_SPECTRAL,52,52,0,0,0,0,0,3.9301584394330495
S002,development,stable_synthetic,0.25,0.85,57.0,D_TEMPORAL,52,52,0,0,0,0,0,3.9301584394330495
S002,development,stable_synthetic,0.25,0.85,57.0,E_COMBINED,52,52,0,0,0,0,0,3.9301584394330495
S002,development,stable_synthetic,0.25,0.85,57.0,F_ABSTAIN,52,52,0,0,0,0,0,3.9301584394330495
S003,development,stable_synthetic,0.25,0.85,61.999719,A_CURRENT,52,52,0,0,0,0,0,0.03401628917190369
S003,development,stable_synthetic,0.25,0.85,61.999719,B_CMND,52,52,0,0,0,0,0,2.0032575740456484
S003,development,stable_synthetic,0.25,0.85,61.999719,C_SPECTRAL,52,52,0,0,0,0,0,2.0032575740456484
S003,development,stable_synthetic,0.25,0.85,61.999719,D_TEMPORAL,52,52,0,0,0,0,0,2.0032575740456484
S003,development,stable_synthetic,0.25,0.85,61.999719,E_COMBINED,52,52,0,0,0,0,0,2.0032575740456484
S003,development,stable_synthetic,0.25,0.85,61.999719,F_ABSTAIN,52,52,0,0,0,0,0,2.0032575740456484
S004,development,stable_synthetic,0.25,0.85,64.000128,A_CURRENT,52,52,0,0,0,0,0,0.03980587658771827
S004,development,stable_synthetic,0.25,0.85,64.000128,B_CMND,52,52,0,0,0,0,0,-2.7622423799106635
S004,development,stable_synthetic,0.25,0.85,64.000128,C_SPECTRAL,52,52,0,0,0,0,0,-2.7622423799106635
S004,development,stable_synthetic,0.25,0.85,64.000128,D_TEMPORAL,52,52,0,0,0,0,0,-2.7622423799106635
S004,development,stable_synthetic,0.25,0.85,64.000128,E_COMBINED,52,52,0,0,0,0,0,-2.7622423799106635
S004,development,stable_synthetic,0.25,0.85,64.000128,F_ABSTAIN,52,52,0,0,0,0,0,-2.7622423799106635
S005,development,stable_synthetic,0.25,0.85,65.000088,A_CURRENT,52,52,0,0,0,0,0,0.041170666003082196
S005,development,stable_synthetic,0.25,0.85,65.000088,B_CMND,52,52,0,0,0,0,0,3.8128779692025443
S005,development,stable_synthetic,0.25,0.85,65.000088,C_SPECTRAL,52,52,0,0,0,0,0,3.8128779692025443
S005,development,stable_synthetic,0.25,0.85,65.000088,D_TEMPORAL,52,52,0,0,0,0,0,3.8128779692025443
S005,development,stable_synthetic,0.25,0.85,65.000088,E_COMBINED,52,52,0,0,0,0,0,3.8128779692025443
S005,development,stable_synthetic,0.25,0.85,65.000088,F_ABSTAIN,52,52,0,0,0,0,0,3.8128779692025443
S006,development,stable_synthetic,0.25,0.85,69.0,A_CURRENT,52,52,0,0,0,0,0,0.07240380888144185
S006,development,stable_synthetic,0.25,0.85,69.0,B_CMND,52,52,0,0,0,0,0,3.9301584394330495
S006,development,stable_synthetic,0.25,0.85,69.0,C_SPECTRAL,52,52,0,0,0,0,0,3.9301584394330495
S006,development,stable_synthetic,0.25,0.85,69.0,D_TEMPORAL,52,52,0,0,0,0,0,3.9301584394330495
S006,development,stable_synthetic,0.25,0.85,69.0,E_COMBINED,52,52,0,0,0,0,0,3.9301584394330495
S006,development,stable_synthetic,0.25,0.85,69.0,F_ABSTAIN,52,52,0,0,0,0,0,3.9301584394330495
S007,development,stable_synthetic,0.25,0.85,76.01955,A_CURRENT,52,52,0,0,0,0,0,0.166977335154919
S007,development,stable_synthetic,0.25,0.85,76.01955,B_CMND,52,52,0,0,0,0,0,-4.704442379909531
S007,development,stable_synthetic,0.25,0.85,76.01955,C_SPECTRAL,52,52,0,0,0,0,0,-4.704442379909531
S007,development,stable_synthetic,0.25,0.85,76.01955,D_TEMPORAL,52,52,0,0,0,0,0,-4.704442379909531
S007,development,stable_synthetic,0.25,0.85,76.01955,E_COMBINED,52,52,0,0,0,0,0,-4.704442379909531
S007,development,stable_synthetic,0.25,0.85,76.01955,F_ABSTAIN,52,52,0,0,0,0,0,-4.704442379909531
S008,development,stable_synthetic,0.25,0.85,81.0,A_CURRENT,52,52,0,0,0,0,0,0.333296559179246
S008,development,stable_synthetic,0.25,0.85,81.0,B_CMND,52,52,0,0,0,0,0,3.9301584394330495
S008,development,stable_synthetic,0.25,0.85,81.0,C_SPECTRAL,52,52,0,0,0,0,0,3.9301584394330495
S008,development,stable_synthetic,0.25,0.85,81.0,D_TEMPORAL,52,52,0,0,0,0,0,3.9301584394330495
S008,development,stable_synthetic,0.25,0.85,81.0,E_COMBINED,52,52,0,0,0,0,0,3.9301584394330495
S008,development,stable_synthetic,0.25,0.85,81.0,F_ABSTAIN,52,52,0,0,0,0,0,3.9301584394330495
S009,development,stable_synthetic,0.25,0.85,93.0,A_CURRENT,52,52,0,0,0,0,0,1.3687958593810727
S009,development,stable_synthetic,0.25,0.85,93.0,B_CMND,52,52,0,0,0,0,0,3.9301584394330495
S009,development,stable_synthetic,0.25,0.85,93.0,C_SPECTRAL,52,52,0,0,0,0,0,3.9301584394330495
S009,development,stable_synthetic,0.25,0.85,93.0,D_TEMPORAL,52,52,0,0,0,0,0,3.9301584394330495
S009,development,stable_synthetic,0.25,0.85,93.0,E_COMBINED,52,52,0,0,0,0,0,3.9301584394330495
S009,development,stable_synthetic,0.25,0.85,93.0,F_ABSTAIN,52,52,0,0,0,0,0,3.9301584394330495
S010,development,stable_synthetic,0.25,0.85,49.999719,A_CURRENT,52,52,0,0,0,0,0,0.006130196894237659
S010,development,stable_synthetic,0.25,0.85,49.999719,B_CMND,52,52,0,0,0,0,0,2.0032575740456484
S010,development,stable_synthetic,0.25,0.85,49.999719,C_SPECTRAL,52,52,0,0,0,0,0,2.0032575740456484
S010,development,stable_synthetic,0.25,0.85,49.999719,D_TEMPORAL,52,52,0,0,0,0,0,2.0032575740456484
S010,development,stable_synthetic,0.25,0.85,49.999719,E_COMBINED,52,52,0,0,0,0,0,2.0032575740456484
S010,development,stable_synthetic,0.25,0.85,49.999719,F_ABSTAIN,52,52,0,0,0,0,0,2.0032575740456484
S011,development,stable_synthetic,0.25,0.85,49.999719,A_CURRENT,52,52,0,0,0,0,0,0.006130196894237659
S011,development,stable_synthetic,0.25,0.85,49.999719,B_CMND,52,52,0,0,0,0,0,2.0032575740456484
S011,development,stable_synthetic,0.25,0.85,49.999719,C_SPECTRAL,52,52,0,0,0,0,0,2.0032575740456484
S011,development,stable_synthetic,0.25,0.85,49.999719,D_TEMPORAL,52,52,0,0,0,0,0,2.0032575740456484
S011,development,stable_synthetic,0.25,0.85,49.999719,E_COMBINED,52,52,0,0,0,0,0,2.0032575740456484
S011,development,stable_synthetic,0.25,0.85,49.999719,F_ABSTAIN,52,52,0,0,0,0,0,2.0032575740456484
S012,development,stable_synthetic,0.25,0.85,49.999719,A_CURRENT,52,52,0,0,0,0,0,0.006130196894237659
S012,development,stable_synthetic,0.25,0.85,49.999719,B_CMND,52,52,0,0,0,0,0,2.0032575740456484
S012,development,stable_synthetic,0.25,0.85,49.999719,C_SPECTRAL,52,52,0,0,0,0,0,2.0032575740456484
S012,development,stable_synthetic,0.25,0.85,49.999719,D_TEMPORAL,52,52,0,0,0,0,0,2.0032575740456484
S012,development,stable_synthetic,0.25,0.85,49.999719,E_COMBINED,52,52,0,0,0,0,0,2.0032575740456484
S012,development,stable_synthetic,0.25,0.85,49.999719,F_ABSTAIN,52,52,0,0,0,0,0,2.0032575740456484
S013,development,stable_synthetic,0.25,0.85,49.999719,A_CURRENT,52,52,0,0,0,0,0,8.011476901901617
S013,development,stable_synthetic,0.25,0.85,49.999719,B_CMND,52,52,0,0,0,0,0,7.783677131533551
S013,development,stable_synthetic,0.25,0.85,49.999719,C_SPECTRAL,52,52,0,0,0,0,0,7.783677131533551
S013,development,stable_synthetic,0.25,0.85,49.999719,D_TEMPORAL,52,52,0,0,0,0,0,7.783677131533551
S013,development,stable_synthetic,0.25,0.85,49.999719,E_COMBINED,52,52,0,0,0,0,0,7.783677131533551
S013,development,stable_synthetic,0.25,0.85,49.999719,F_ABSTAIN,52,52,0,0,0,0,0,7.783677131533551
S014,development,stable_synthetic,0.25,0.85,49.999719,A_CURRENT,52,52,0,0,0,0,0,38.01954711330092
S014,development,stable_synthetic,0.25,0.85,49.999719,B_CMND,52,52,0,0,0,0,0,36.97887236546544
S014,development,stable_synthetic,0.25,0.85,49.999719,C_SPECTRAL,52,52,0,0,0,0,0,36.97887236546544
S014,development,stable_synthetic,0.25,0.85,49.999719,D_TEMPORAL,52,52,0,0,0,0,0,36.97887236546544
S014,development,stable_synthetic,0.25,0.85,49.999719,E_COMBINED,52,52,0,0,0,0,0,36.97887236546544
S014,development,stable_synthetic,0.25,0.85,49.999719,F_ABSTAIN,52,52,0,0,0,0,0,36.97887236546544
S015,development,stable_synthetic,0.25,0.85,49.999719,A_CURRENT,52,52,0,0,0,0,0,8.447665067154023
S015,development,stable_synthetic,0.25,0.85,49.999719,B_CMND,52,52,0,0,0,0,0,7.783677131533551
S015,development,stable_synthetic,0.25,0.85,49.999719,C_SPECTRAL,52,52,0,0,0,0,0,7.783677131533551
S015,development,stable_synthetic,0.25,0.85,49.999719,D_TEMPORAL,52,52,0,0,0,0,0,7.783677131533551
S015,development,stable_synthetic,0.25,0.85,49.999719,E_COMBINED,52,52,0,0,0,0,0,7.783677131533551
S015,development,stable_synthetic,0.25,0.85,49.999719,F_ABSTAIN,52,52,0,0,0,0,0,7.783677131533551
S016,development,stable_synthetic,0.25,0.85,61.999719,A_CURRENT,52,52,0,0,0,0,0,0.035635472735544356
S016,development,stable_synthetic,0.25,0.85,61.999719,B_CMND,52,52,0,0,0,0,0,2.0032575740456484
S016,development,stable_synthetic,0.25,0.85,61.999719,C_SPECTRAL,52,52,0,0,0,0,0,2.0032575740456484
S016,development,stable_synthetic,0.25,0.85,61.999719,D_TEMPORAL,52,52,0,0,0,0,0,2.0032575740456484
S016,development,stable_synthetic,0.25,0.85,61.999719,E_COMBINED,52,52,0,0,0,0,0,2.0032575740456484
S016,development,stable_synthetic,0.25,0.85,61.999719,F_ABSTAIN,52,52,0,0,0,0,0,2.0032575740456484
S017,development,stable_synthetic,0.25,0.85,61.999719,A_CURRENT,52,52,0,0,0,0,0,0.035635472735544356
S017,development,stable_synthetic,0.25,0.85,61.999719,B_CMND,52,52,0,0,0,0,0,2.0032575740456484
S017,development,stable_synthetic,0.25,0.85,61.999719,C_SPECTRAL,52,52,0,0,0,0,0,2.0032575740456484
S017,development,stable_synthetic,0.25,0.85,61.999719,D_TEMPORAL,52,52,0,0,0,0,0,2.0032575740456484
S017,development,stable_synthetic,0.25,0.85,61.999719,E_COMBINED,52,52,0,0,0,0,0,2.0032575740456484
S017,development,stable_synthetic,0.25,0.85,61.999719,F_ABSTAIN,52,52,0,0,0,0,0,2.0032575740456484
S018,development,stable_synthetic,0.25,0.85,61.999719,A_CURRENT,52,52,0,0,0,0,0,0.03653501064502351
S018,development,stable_synthetic,0.25,0.85,61.999719,B_CMND,52,52,0,0,0,0,0,2.0032575740456484
S018,development,stable_synthetic,0.25,0.85,61.999719,C_SPECTRAL,52,52,0,0,0,0,0,2.0032575740456484
S018,development,stable_synthetic,0.25,0.85,61.999719,D_TEMPORAL,52,52,0,0,0,0,0,2.0032575740456484
S018,development,stable_synthetic,0.25,0.85,61.999719,E_COMBINED,52,52,0,0,0,0,0,2.0032575740456484
S018,development,stable_synthetic,0.25,0.85,61.999719,F_ABSTAIN,52,52,0,0,0,0,0,2.0032575740456484
S019,development,stable_synthetic,0.25,0.85,61.999719,A_CURRENT,52,52,0,0,0,0,0,8.01219323275183
S019,development,stable_synthetic,0.25,0.85,61.999719,B_CMND,52,52,0,0,0,0,0,13.583461612074835
S019,development,stable_synthetic,0.25,0.85,61.999719,C_SPECTRAL,52,52,0,0,0,0,0,13.583461612074835
S019,development,stable_synthetic,0.25,0.85,61.999719,D_TEMPORAL,52,52,0,0,0,0,0,13.583461612074835
S019,development,stable_synthetic,0.25,0.85,61.999719,E_COMBINED,52,52,0,0,0,0,0,13.583461612074835
S019,development,stable_synthetic,0.25,0.85,61.999719,F_ABSTAIN,52,52,0,0,0,0,0,13.583461612074835
S020,development,stable_synthetic,0.25,0.85,61.999719,A_CURRENT,52,52,0,0,0,0,0,38.07815559035743
S020,development,stable_synthetic,0.25,0.85,61.999719,B_CMND,52,52,0,0,0,0,0,36.97887236546544
S020,development,stable_synthetic,0.25,0.85,61.999719,C_SPECTRAL,52,52,0,0,0,0,0,36.97887236546544
S020,development,stable_synthetic,0.25,0.85,61.999719,D_TEMPORAL,52,52,0,0,0,0,0,36.97887236546544
S020,development,stable_synthetic,0.25,0.85,61.999719,E_COMBINED,52,52,0,0,0,0,0,36.97887236546544
S020,development,stable_synthetic,0.25,0.85,61.999719,F_ABSTAIN,52,52,0,0,0,0,0,36.97887236546544
S021,development,stable_synthetic,0.25,0.85,61.999719,A_CURRENT,52,52,0,0,0,0,0,8.580147108613993
S021,development,stable_synthetic,0.25,0.85,61.999719,B_CMND,52,52,0,0,0,0,0,13.583461612074835
S021,development,stable_synthetic,0.25,0.85,61.999719,C_SPECTRAL,52,52,0,0,0,0,0,13.583461612074835
S021,development,stable_synthetic,0.25,0.85,61.999719,D_TEMPORAL,52,52,0,0,0,0,0,13.583461612074835
S021,development,stable_synthetic,0.25,0.85,61.999719,E_COMBINED,52,52,0,0,0,0,0,13.583461612074835
S021,development,stable_synthetic,0.25,0.85,61.999719,F_ABSTAIN,52,52,0,0,0,0,0,13.583461612074835
S022,development,stable_synthetic,0.25,0.85,64.000128,A_CURRENT,52,52,0,0,0,0,0,0.03900449463482929
S022,development,stable_synthetic,0.25,0.85,64.000128,B_CMND,52,52,0,0,0,0,0,-2.7622423799106635
S022,development,stable_synthetic,0.25,0.85,64.000128,C_SPECTRAL,52,52,0,0,0,0,0,-2.7622423799106635
S022,development,stable_synthetic,0.25,0.85,64.000128,D_TEMPORAL,52,52,0,0,0,0,0,-2.7622423799106635
S022,development,stable_synthetic,0.25,0.85,64.000128,E_COMBINED,52,52,0,0,0,0,0,-2.7622423799106635
S022,development,stable_synthetic,0.25,0.85,64.000128,F_ABSTAIN,52,52,0,0,0,0,0,-2.7622423799106635
S023,development,stable_synthetic,0.25,0.85,64.000128,A_CURRENT,52,52,0,0,0,0,0,0.03692090402276308
S023,development,stable_synthetic,0.25,0.85,64.000128,B_CMND,52,52,0,0,0,0,0,-2.7622423799106635
S023,development,stable_synthetic,0.25,0.85,64.000128,C_SPECTRAL,52,52,0,0,0,0,0,-2.7622423799106635
S023,development,stable_synthetic,0.25,0.85,64.000128,D_TEMPORAL,52,52,0,0,0,0,0,-2.7622423799106635
S023,development,stable_synthetic,0.25,0.85,64.000128,E_COMBINED,52,52,0,0,0,0,0,-2.7622423799106635
S023,development,stable_synthetic,0.25,0.85,64.000128,F_ABSTAIN,52,52,0,0,0,0,0,-2.7622423799106635
S024,development,stable_synthetic,0.25,0.85,64.000128,A_CURRENT,52,52,0,0,0,0,0,0.03627979427043593
S024,development,stable_synthetic,0.25,0.85,64.000128,B_CMND,52,52,0,0,0,0,0,-2.7622423799106635
S024,development,stable_synthetic,0.25,0.85,64.000128,C_SPECTRAL,52,52,0,0,0,0,0,-2.7622423799106635
S024,development,stable_synthetic,0.25,0.85,64.000128,D_TEMPORAL,52,52,0,0,0,0,0,-2.7622423799106635
S024,development,stable_synthetic,0.25,0.85,64.000128,E_COMBINED,52,52,0,0,0,0,0,-2.7622423799106635
S024,development,stable_synthetic,0.25,0.85,64.000128,F_ABSTAIN,52,52,0,0,0,0,0,-2.7622423799106635
S025,development,stable_synthetic,0.25,0.85,64.000128,A_CURRENT,52,52,0,0,0,0,0,8.032414901976658
S025,development,stable_synthetic,0.25,0.85,64.000128,B_CMND,52,52,0,0,0,0,0,10.20586356547636
S025,development,stable_synthetic,0.25,0.85,64.000128,C_SPECTRAL,52,52,0,0,0,0,0,10.20586356547636
S025,development,stable_synthetic,0.25,0.85,64.000128,D_TEMPORAL,52,52,0,0,0,0,0,10.20586356547636
S025,development,stable_synthetic,0.25,0.85,64.000128,E_COMBINED,52,52,0,0,0,0,0,10.20586356547636
S025,development,stable_synthetic,0.25,0.85,64.000128,F_ABSTAIN,52,52,0,0,0,0,0,10.20586356547636
S026,development,stable_synthetic,0.25,0.85,64.000128,A_CURRENT,52,52,0,0,0,0,0,38.05017987309339
S026,development,stable_synthetic,0.25,0.85,64.000128,B_CMND,52,52,0,0,0,0,0,36.43718432392665
S026,development,stable_synthetic,0.25,0.85,64.000128,C_SPECTRAL,52,52,0,0,0,0,0,36.43718432392665
S026,development,stable_synthetic,0.25,0.85,64.000128,D_TEMPORAL,52,52,0,0,0,0,0,36.43718432392665
S026,development,stable_synthetic,0.25,0.85,64.000128,E_COMBINED,52,52,0,0,0,0,0,36.43718432392665
S026,development,stable_synthetic,0.25,0.85,64.000128,F_ABSTAIN,52,52,0,0,0,0,0,36.43718432392665
S027,development,stable_synthetic,0.25,0.85,64.000128,A_CURRENT,52,52,0,0,0,0,0,8.605061582254747
S027,development,stable_synthetic,0.25,0.85,64.000128,B_CMND,52,52,0,0,0,0,0,10.20586356547636
S027,development,stable_synthetic,0.25,0.85,64.000128,C_SPECTRAL,52,52,0,0,0,0,0,10.20586356547636
S027,development,stable_synthetic,0.25,0.85,64.000128,D_TEMPORAL,52,52,0,0,0,0,0,10.20586356547636
S027,development,stable_synthetic,0.25,0.85,64.000128,E_COMBINED,52,52,0,0,0,0,0,10.20586356547636
S027,development,stable_synthetic,0.25,0.85,64.000128,F_ABSTAIN,52,52,0,0,0,0,0,10.20586356547636
S028,development,stable_synthetic,0.25,0.85,65.000088,A_CURRENT,52,52,0,0,0,0,0,0.04389371723474633
S028,development,stable_synthetic,0.25,0.85,65.000088,B_CMND,52,52,0,0,0,0,0,3.8128779692025443
S028,development,stable_synthetic,0.25,0.85,65.000088,C_SPECTRAL,52,52,0,0,0,0,0,3.8128779692025443
S028,development,stable_synthetic,0.25,0.85,65.000088,D_TEMPORAL,52,52,0,0,0,0,0,3.8128779692025443
S028,development,stable_synthetic,0.25,0.85,65.000088,E_COMBINED,52,52,0,0,0,0,0,3.8128779692025443
S028,development,stable_synthetic,0.25,0.85,65.000088,F_ABSTAIN,52,52,0,0,0,0,0,3.8128779692025443
S029,development,stable_synthetic,0.25,0.85,65.000088,A_CURRENT,52,52,0,0,0,0,0,0.044952680996576455
S029,development,stable_synthetic,0.25,0.85,65.000088,B_CMND,52,52,0,0,0,0,0,3.8128779692025443
S029,development,stable_synthetic,0.25,0.85,65.000088,C_SPECTRAL,52,52,0,0,0,0,0,3.8128779692025443
S029,development,stable_synthetic,0.25,0.85,65.000088,D_TEMPORAL,52,52,0,0,0,0,0,3.8128779692025443
S029,development,stable_synthetic,0.25,0.85,65.000088,E_COMBINED,52,52,0,0,0,0,0,3.8128779692025443
S029,development,stable_synthetic,0.25,0.85,65.000088,F_ABSTAIN,52,52,0,0,0,0,0,3.8128779692025443
S030,development,stable_synthetic,0.25,0.85,65.000088,A_CURRENT,52,52,0,0,0,0,0,0.04586036158130263
S030,development,stable_synthetic,0.25,0.85,65.000088,B_CMND,52,52,0,0,0,0,0,3.8128779692025443
S030,development,stable_synthetic,0.25,0.85,65.000088,C_SPECTRAL,52,52,0,0,0,0,0,3.8128779692025443
S030,development,stable_synthetic,0.25,0.85,65.000088,D_TEMPORAL,52,52,0,0,0,0,0,3.8128779692025443
S030,development,stable_synthetic,0.25,0.85,65.000088,E_COMBINED,52,52,0,0,0,0,0,3.8128779692025443
S030,development,stable_synthetic,0.25,0.85,65.000088,F_ABSTAIN,52,52,0,0,0,0,0,3.8128779692025443
S031,development,stable_synthetic,0.25,0.85,65.000088,A_CURRENT,52,52,0,0,0,0,0,8.024885681596714
S031,development,stable_synthetic,0.25,0.85,65.000088,B_CMND,52,52,0,0,0,0,0,3.8128779692025443
S031,development,stable_synthetic,0.25,0.85,65.000088,C_SPECTRAL,52,52,0,0,0,0,0,3.8128779692025443
S031,development,stable_synthetic,0.25,0.85,65.000088,D_TEMPORAL,52,52,0,0,0,0,0,3.8128779692025443
S031,development,stable_synthetic,0.25,0.85,65.000088,E_COMBINED,52,52,0,0,0,0,0,3.8128779692025443
S031,development,stable_synthetic,0.25,0.85,65.000088,F_ABSTAIN,52,52,0,0,0,0,0,3.8128779692025443
S032,development,stable_synthetic,0.25,0.85,65.000088,A_CURRENT,52,52,0,0,0,0,0,38.055754363095886
S032,development,stable_synthetic,0.25,0.85,65.000088,B_CMND,52,52,0,0,0,0,0,31.51321370328171
S032,development,stable_synthetic,0.25,0.85,65.000088,C_SPECTRAL,52,52,0,0,0,0,0,31.51321370328171
S032,development,stable_synthetic,0.25,0.85,65.000088,D_TEMPORAL,52,52,0,0,0,0,0,31.51321370328171
S032,development,stable_synthetic,0.25,0.85,65.000088,E_COMBINED,52,52,0,0,0,0,0,31.51321370328171
S032,development,stable_synthetic,0.25,0.85,65.000088,F_ABSTAIN,52,52,0,0,0,0,0,31.51321370328171
S033,development,stable_synthetic,0.25,0.85,65.000088,A_CURRENT,52,52,0,0,0,0,0,8.546583461800191
S033,development,stable_synthetic,0.25,0.85,65.000088,B_CMND,52,52,0,0,0,0,0,3.8128779692025443
S033,development,stable_synthetic,0.25,0.85,65.000088,C_SPECTRAL,52,52,0,0,0,0,0,3.8128779692025443
S033,development,stable_synthetic,0.25,0.85,65.000088,D_TEMPORAL,52,52,0,0,0,0,0,3.8128779692025443
S033,development,stable_synthetic,0.25,0.85,65.000088,E_COMBINED,52,52,0,0,0,0,0,3.8128779692025443
S033,development,stable_synthetic,0.25,0.85,65.000088,F_ABSTAIN,52,52,0,0,0,0,0,3.8128779692025443
S034,development,stable_synthetic,0.25,0.85,69.0,A_CURRENT,52,52,0,0,0,0,0,0.07744674623402346
S034,development,stable_synthetic,0.25,0.85,69.0,B_CMND,52,52,0,0,0,0,0,3.9301584394330495
S034,development,stable_synthetic,0.25,0.85,69.0,C_SPECTRAL,52,52,0,0,0,0,0,3.9301584394330495
S034,development,stable_synthetic,0.25,0.85,69.0,D_TEMPORAL,52,52,0,0,0,0,0,3.9301584394330495
S034,development,stable_synthetic,0.25,0.85,69.0,E_COMBINED,52,52,0,0,0,0,0,3.9301584394330495
S034,development,stable_synthetic,0.25,0.85,69.0,F_ABSTAIN,52,52,0,0,0,0,0,3.9301584394330495
S035,development,stable_synthetic,0.25,0.85,69.0,A_CURRENT,52,52,0,0,0,0,0,0.08020834799741433
S035,development,stable_synthetic,0.25,0.85,69.0,B_CMND,52,52,0,0,0,0,0,3.9301584394330495
S035,development,stable_synthetic,0.25,0.85,69.0,C_SPECTRAL,52,52,0,0,0,0,0,3.9301584394330495
S035,development,stable_synthetic,0.25,0.85,69.0,D_TEMPORAL,52,52,0,0,0,0,0,3.9301584394330495
S035,development,stable_synthetic,0.25,0.85,69.0,E_COMBINED,52,52,0,0,0,0,0,3.9301584394330495
S035,development,stable_synthetic,0.25,0.85,69.0,F_ABSTAIN,52,52,0,0,0,0,0,3.9301584394330495
S036,development,stable_synthetic,0.25,0.85,69.0,A_CURRENT,52,52,0,0,0,0,0,0.08200939230515869
S036,development,stable_synthetic,0.25,0.85,69.0,B_CMND,52,52,0,0,0,0,0,3.9301584394330495
S036,development,stable_synthetic,0.25,0.85,69.0,C_SPECTRAL,52,52,0,0,0,0,0,3.9301584394330495
S036,development,stable_synthetic,0.25,0.85,69.0,D_TEMPORAL,52,52,0,0,0,0,0,3.9301584394330495
S036,development,stable_synthetic,0.25,0.85,69.0,E_COMBINED,52,52,0,0,0,0,0,3.9301584394330495
S036,development,stable_synthetic,0.25,0.85,69.0,F_ABSTAIN,52,52,0,0,0,0,0,3.9301584394330495
S037,development,stable_synthetic,0.25,0.85,69.0,A_CURRENT,52,52,0,0,0,0,0,8.047316632522046
S037,development,stable_synthetic,0.25,0.85,69.0,B_CMND,52,52,0,0,0,0,0,3.9301584394330495
S037,development,stable_synthetic,0.25,0.85,69.0,C_SPECTRAL,52,52,0,0,0,0,0,3.9301584394330495
S037,development,stable_synthetic,0.25,0.85,69.0,D_TEMPORAL,52,52,0,0,0,0,0,3.9301584394330495
S037,development,stable_synthetic,0.25,0.85,69.0,E_COMBINED,52,52,0,0,0,0,0,3.9301584394330495
S037,development,stable_synthetic,0.25,0.85,69.0,F_ABSTAIN,52,52,0,0,0,0,0,3.9301584394330495
S038,development,stable_synthetic,0.25,0.85,69.0,A_CURRENT,52,52,0,0,0,0,0,38.091482847399014
S038,development,stable_synthetic,0.25,0.85,69.0,B_CMND,52,52,0,0,0,0,0,38.905773230852915
S038,development,stable_synthetic,0.25,0.85,69.0,C_SPECTRAL,52,52,0,0,0,0,0,38.905773230852915
S038,development,stable_synthetic,0.25,0.85,69.0,D_TEMPORAL,52,52,0,0,0,0,0,38.905773230852915
S038,development,stable_synthetic,0.25,0.85,69.0,E_COMBINED,52,52,0,0,0,0,0,38.905773230852915
S038,development,stable_synthetic,0.25,0.85,69.0,F_ABSTAIN,52,52,0,0,0,0,0,38.905773230852915
S039,development,stable_synthetic,0.25,0.85,69.0,A_CURRENT,52,52,0,0,0,0,0,8.657230625821514
S039,development,stable_synthetic,0.25,0.85,69.0,B_CMND,52,52,0,0,0,0,0,3.9301584394330495
S039,development,stable_synthetic,0.25,0.85,69.0,C_SPECTRAL,52,52,0,0,0,0,0,3.9301584394330495
S039,development,stable_synthetic,0.25,0.85,69.0,D_TEMPORAL,52,52,0,0,0,0,0,3.9301584394330495
S039,development,stable_synthetic,0.25,0.85,69.0,E_COMBINED,52,52,0,0,0,0,0,3.9301584394330495
S039,development,stable_synthetic,0.25,0.85,69.0,F_ABSTAIN,52,52,0,0,0,0,0,3.9301584394330495
S040,development,stable_synthetic,0.25,0.85,77.000088,A_CURRENT,52,52,0,0,0,0,0,0.21770641918997252
S040,development,stable_synthetic,0.25,0.85,77.000088,B_CMND,52,52,0,0,0,0,0,3.8128779692025443
S040,development,stable_synthetic,0.25,0.85,77.000088,C_SPECTRAL,52,52,0,0,0,0,0,3.8128779692025443
S040,development,stable_synthetic,0.25,0.85,77.000088,D_TEMPORAL,52,52,0,0,0,0,0,3.8128779692025443
S040,development,stable_synthetic,0.25,0.85,77.000088,E_COMBINED,52,52,0,0,0,0,0,3.8128779692025443
S040,development,stable_synthetic,0.25,0.85,77.000088,F_ABSTAIN,52,52,0,0,0,0,0,3.8128779692025443
S041,development,stable_synthetic,0.25,0.85,77.000088,A_CURRENT,52,52,0,0,0,0,0,0.22481588139773467
S041,development,stable_synthetic,0.25,0.85,77.000088,B_CMND,52,52,0,0,0,0,0,3.8128779692025443
S041,development,stable_synthetic,0.25,0.85,77.000088,C_SPECTRAL,52,52,0,0,0,0,0,3.8128779692025443
S041,development,stable_synthetic,0.25,0.85,77.000088,D_TEMPORAL,52,52,0,0,0,0,0,3.8128779692025443
S041,development,stable_synthetic,0.25,0.85,77.000088,E_COMBINED,52,52,0,0,0,0,0,3.8128779692025443
S041,development,stable_synthetic,0.25,0.85,77.000088,F_ABSTAIN,52,52,0,0,0,0,0,3.8128779692025443
S042,development,stable_synthetic,0.25,0.85,77.000088,A_CURRENT,52,52,0,0,0,0,0,0.22980761248386028
S042,development,stable_synthetic,0.25,0.85,77.000088,B_CMND,52,52,0,0,0,0,0,3.8128779692025443
S042,development,stable_synthetic,0.25,0.85,77.000088,C_SPECTRAL,52,52,0,0,0,0,0,3.8128779692025443
S042,development,stable_synthetic,0.25,0.85,77.000088,D_TEMPORAL,52,52,0,0,0,0,0,3.8128779692025443
S042,development,stable_synthetic,0.25,0.85,77.000088,E_COMBINED,52,52,0,0,0,0,0,3.8128779692025443
S042,development,stable_synthetic,0.25,0.85,77.000088,F_ABSTAIN,52,52,0,0,0,0,0,3.8128779692025443
S043,development,stable_synthetic,0.25,0.85,77.000088,A_CURRENT,52,52,0,0,0,0,0,8.1402298104688
S043,development,stable_synthetic,0.25,0.85,77.000088,B_CMND,52,52,0,0,0,0,0,3.8128779692025443
S043,development,stable_synthetic,0.25,0.85,77.000088,C_SPECTRAL,52,52,0,0,0,0,0,3.8128779692025443
S043,development,stable_synthetic,0.25,0.85,77.000088,D_TEMPORAL,52,52,0,0,0,0,0,3.8128779692025443
S043,development,stable_synthetic,0.25,0.85,77.000088,E_COMBINED,52,52,0,0,0,0,0,3.8128779692025443
S043,development,stable_synthetic,0.25,0.85,77.000088,F_ABSTAIN,52,52,0,0,0,0,0,3.8128779692025443
S044,development,stable_synthetic,0.25,0.85,77.000088,A_CURRENT,52,52,0,0,0,0,0,38.03473891445343
S044,development,stable_synthetic,0.25,0.85,77.000088,B_CMND,52,52,0,0,0,0,0,31.513213705715685
S044,development,stable_synthetic,0.25,0.85,77.000088,C_SPECTRAL,52,52,0,0,0,0,0,31.513213705715685
S044,development,stable_synthetic,0.25,0.85,77.000088,D_TEMPORAL,52,52,0,0,0,0,0,31.513213705715685
S044,development,stable_synthetic,0.25,0.85,77.000088,E_COMBINED,52,52,0,0,0,0,0,31.513213705715685
S044,development,stable_synthetic,0.25,0.85,77.000088,F_ABSTAIN,52,52,0,0,0,0,0,31.513213705715685
S045,development,stable_synthetic,0.25,0.85,77.000088,A_CURRENT,52,52,0,0,0,0,0,8.654366350901443
S045,development,stable_synthetic,0.25,0.85,77.000088,B_CMND,52,52,0,0,0,0,0,3.8128779692025443
S045,development,stable_synthetic,0.25,0.85,77.000088,C_SPECTRAL,52,52,0,0,0,0,0,3.8128779692025443
S045,development,stable_synthetic,0.25,0.85,77.000088,D_TEMPORAL,52,52,0,0,0,0,0,3.8128779692025443
S045,development,stable_synthetic,0.25,0.85,77.000088,E_COMBINED,52,52,0,0,0,0,0,3.8128779692025443
S045,development,stable_synthetic,0.25,0.85,77.000088,F_ABSTAIN,52,52,0,0,0,0,0,3.8128779692025443
S046,development,stable_synthetic,0.25,0.85,61.999719,A_CURRENT,52,52,0,0,0,0,0,1.0602719349384266
S046,development,stable_synthetic,0.25,0.85,61.999719,B_CMND,52,52,0,0,0,0,0,2.0032575740456484
S046,development,stable_synthetic,0.25,0.85,61.999719,C_SPECTRAL,52,52,0,0,0,0,0,2.0032575740456484
S046,development,stable_synthetic,0.25,0.85,61.999719,D_TEMPORAL,52,52,0,0,0,0,0,2.0032575740456484
S046,development,stable_synthetic,0.25,0.85,61.999719,E_COMBINED,52,52,0,0,0,0,0,2.0032575740456484
S046,development,stable_synthetic,0.25,0.85,61.999719,F_ABSTAIN,52,52,0,0,0,0,0,2.0032575740456484
S047,development,stable_synthetic,0.25,0.85,61.999719,A_CURRENT,52,52,0,0,0,0,0,6.220987498342462
S047,development,stable_synthetic,0.25,0.85,61.999719,B_CMND,52,52,0,0,0,0,0,2.0032575740456484
S047,development,stable_synthetic,0.25,0.85,61.999719,C_SPECTRAL,52,52,0,0,0,0,0,2.0032575740456484
S047,development,stable_synthetic,0.25,0.85,61.999719,D_TEMPORAL,52,52,0,0,0,0,0,2.0032575740456484
S047,development,stable_synthetic,0.25,0.85,61.999719,E_COMBINED,52,52,0,0,0,0,0,2.0032575740456484
S047,development,stable_synthetic,0.25,0.85,61.999719,F_ABSTAIN,52,52,0,0,0,0,0,2.0032575740456484
S048,development,stable_synthetic,0.25,0.85,61.999719,A_CURRENT,52,0,52,0,0,0,0,
S048,development,stable_synthetic,0.25,0.85,61.999719,B_CMND,52,0,52,0,0,0,0,
S048,development,stable_synthetic,0.25,0.85,61.999719,C_SPECTRAL,52,0,52,0,0,0,0,
S048,development,stable_synthetic,0.25,0.85,61.999719,D_TEMPORAL,52,0,52,0,0,0,0,
S048,development,stable_synthetic,0.25,0.85,61.999719,E_COMBINED,52,0,52,0,0,0,0,
S048,development,stable_synthetic,0.25,0.85,61.999719,F_ABSTAIN,52,0,52,0,0,0,0,
S049,development,stable_synthetic,0.25,0.85,61.999719,A_CURRENT,52,52,0,0,0,0,0,0.606571465587731
S049,development,stable_synthetic,0.25,0.85,61.999719,B_CMND,52,52,0,0,0,0,0,2.0032575740456484
S049,development,stable_synthetic,0.25,0.85,61.999719,C_SPECTRAL,52,52,0,0,0,0,0,2.0032575740456484
S049,development,stable_synthetic,0.25,0.85,61.999719,D_TEMPORAL,52,52,0,0,0,0,0,2.0032575740456484
S049,development,stable_synthetic,0.25,0.85,61.999719,E_COMBINED,52,52,0,0,0,0,0,2.0032575740456484
S049,development,stable_synthetic,0.25,0.85,61.999719,F_ABSTAIN,52,52,0,0,0,0,0,2.0032575740456484
S050,development,stable_synthetic,0.25,0.85,61.999719,A_CURRENT,52,14,38,0,0,0,0,3.6516191471166284
S050,development,stable_synthetic,0.25,0.85,61.999719,B_CMND,52,52,0,0,0,0,0,2.0032575740456484
S050,development,stable_synthetic,0.25,0.85,61.999719,C_SPECTRAL,52,0,52,0,0,0,0,
S050,development,stable_synthetic,0.25,0.85,61.999719,D_TEMPORAL,52,0,52,0,0,0,0,
S050,development,stable_synthetic,0.25,0.85,61.999719,E_COMBINED,52,0,52,0,0,0,0,
S050,development,stable_synthetic,0.25,0.85,61.999719,F_ABSTAIN,52,0,0,0,0,0,52,
S051,development,stable_synthetic,0.25,0.85,61.999719,A_CURRENT,52,0,52,0,0,0,0,
S051,development,stable_synthetic,0.25,0.85,61.999719,B_CMND,52,0,52,0,0,0,0,
S051,development,stable_synthetic,0.25,0.85,61.999719,C_SPECTRAL,52,0,52,0,0,0,0,
S051,development,stable_synthetic,0.25,0.85,61.999719,D_TEMPORAL,52,0,52,0,0,0,0,
S051,development,stable_synthetic,0.25,0.85,61.999719,E_COMBINED,52,0,52,0,0,0,0,
S051,development,stable_synthetic,0.25,0.85,61.999719,F_ABSTAIN,52,0,52,0,0,0,0,
S052,development,stable_synthetic,0.25,0.85,61.999719,A_CURRENT,52,52,0,0,0,0,0,-0.2581803301603423
S052,development,stable_synthetic,0.25,0.85,61.999719,B_CMND,52,52,0,0,0,0,0,2.0032575740456484
S052,development,stable_synthetic,0.25,0.85,61.999719,C_SPECTRAL,52,52,0,0,0,0,0,2.0032575740456484
S052,development,stable_synthetic,0.25,0.85,61.999719,D_TEMPORAL,52,52,0,0,0,0,0,2.0032575740456484
S052,development,stable_synthetic,0.25,0.85,61.999719,E_COMBINED,52,52,0,0,0,0,0,2.0032575740456484
S052,development,stable_synthetic,0.25,0.85,61.999719,F_ABSTAIN,52,52,0,0,0,0,0,2.0032575740456484
S053,development,stable_synthetic,0.25,0.85,61.999719,A_CURRENT,52,52,0,0,0,0,0,-2.208920344853277
S053,development,stable_synthetic,0.25,0.85,61.999719,B_CMND,52,52,0,0,0,0,0,2.0032575740456484
S053,development,stable_synthetic,0.25,0.85,61.999719,C_SPECTRAL,52,52,0,0,0,0,0,2.0032575740456484
S053,development,stable_synthetic,0.25,0.85,61.999719,D_TEMPORAL,52,52,0,0,0,0,0,2.0032575740456484
S053,development,stable_synthetic,0.25,0.85,61.999719,E_COMBINED,52,52,0,0,0,0,0,2.0032575740456484
S053,development,stable_synthetic,0.25,0.85,61.999719,F_ABSTAIN,52,52,0,0,0,0,0,2.0032575740456484
S054,development,stable_synthetic,0.25,0.85,61.999719,A_CURRENT,52,0,0,0,52,0,0,
S054,development,stable_synthetic,0.25,0.85,61.999719,B_CMND,52,0,52,0,0,0,0,
S054,development,stable_synthetic,0.25,0.85,61.999719,C_SPECTRAL,52,52,0,0,0,0,0,-9.50000102366126
S054,development,stable_synthetic,0.25,0.85,61.999719,D_TEMPORAL,52,0,0,0,52,0,0,
S054,development,stable_synthetic,0.25,0.85,61.999719,E_COMBINED,52,52,0,0,0,0,0,-9.50000102366126
S054,development,stable_synthetic,0.25,0.85,61.999719,F_ABSTAIN,52,0,0,0,0,0,52,
S055,development,stable_synthetic,0.25,0.85,64.000128,A_CURRENT,52,52,0,0,0,0,0,1.1719475153805312
S055,development,stable_synthetic,0.25,0.85,64.000128,B_CMND,52,52,0,0,0,0,0,-2.7622423799106635
S055,development,stable_synthetic,0.25,0.85,64.000128,C_SPECTRAL,52,52,0,0,0,0,0,-2.7622423799106635
S055,development,stable_synthetic,0.25,0.85,64.000128,D_TEMPORAL,52,52,0,0,0,0,0,-2.7622423799106635
S055,development,stable_synthetic,0.25,0.85,64.000128,E_COMBINED,52,52,0,0,0,0,0,-2.7622423799106635
S055,development,stable_synthetic,0.25,0.85,64.000128,F_ABSTAIN,52,52,0,0,0,0,0,-2.7622423799106635
S056,development,stable_synthetic,0.25,0.85,64.000128,A_CURRENT,52,52,0,0,0,0,0,6.796990580077287
S056,development,stable_synthetic,0.25,0.85,64.000128,B_CMND,52,52,0,0,0,0,0,10.20586356547636
S056,development,stable_synthetic,0.25,0.85,64.000128,C_SPECTRAL,52,52,0,0,0,0,0,10.20586356547636
S056,development,stable_synthetic,0.25,0.85,64.000128,D_TEMPORAL,52,52,0,0,0,0,0,10.20586356547636
S056,development,stable_synthetic,0.25,0.85,64.000128,E_COMBINED,52,52,0,0,0,0,0,10.20586356547636
S056,development,stable_synthetic,0.25,0.85,64.000128,F_ABSTAIN,52,52,0,0,0,0,0,10.20586356547636
S057,development,stable_synthetic,0.25,0.85,64.000128,A_CURRENT,52,0,0,0,52,0,0,
S057,development,stable_synthetic,0.25,0.85,64.000128,B_CMND,52,0,0,0,52,0,0,
S057,development,stable_synthetic,0.25,0.85,64.000128,C_SPECTRAL,52,52,0,0,0,0,0,23.271842939429263
S057,development,stable_synthetic,0.25,0.85,64.000128,D_TEMPORAL,52,0,0,0,52,0,0,
S057,development,stable_synthetic,0.25,0.85,64.000128,E_COMBINED,52,52,0,0,0,0,0,23.271842939429263
S057,development,stable_synthetic,0.25,0.85,64.000128,F_ABSTAIN,52,0,0,0,0,0,52,
S058,development,stable_synthetic,0.25,0.85,64.000128,A_CURRENT,52,52,0,0,0,0,0,0.8560605791815084
S058,development,stable_synthetic,0.25,0.85,64.000128,B_CMND,52,52,0,0,0,0,0,-2.7622423799106635
S058,development,stable_synthetic,0.25,0.85,64.000128,C_SPECTRAL,52,52,0,0,0,0,0,-2.7622423799106635
S058,development,stable_synthetic,0.25,0.85,64.000128,D_TEMPORAL,52,52,0,0,0,0,0,-2.7622423799106635
S058,development,stable_synthetic,0.25,0.85,64.000128,E_COMBINED,52,52,0,0,0,0,0,-2.7622423799106635
S058,development,stable_synthetic,0.25,0.85,64.000128,F_ABSTAIN,52,52,0,0,0,0,0,-2.7622423799106635
S059,development,stable_synthetic,0.25,0.85,64.000128,A_CURRENT,52,44,8,0,0,0,0,4.921821957865521
S059,development,stable_synthetic,0.25,0.85,64.000128,B_CMND,52,52,0,0,0,0,0,10.20586356547636
S059,development,stable_synthetic,0.25,0.85,64.000128,C_SPECTRAL,52,52,0,0,0,0,0,10.20586356547636
S059,development,stable_synthetic,0.25,0.85,64.000128,D_TEMPORAL,52,0,52,0,0,0,0,
S059,development,stable_synthetic,0.25,0.85,64.000128,E_COMBINED,52,52,0,0,0,0,0,10.20586356547636
S059,development,stable_synthetic,0.25,0.85,64.000128,F_ABSTAIN,52,52,0,0,0,0,0,10.20586356547636
S060,development,stable_synthetic,0.25,0.85,64.000128,A_CURRENT,52,0,52,0,0,0,0,
S060,development,stable_synthetic,0.25,0.85,64.000128,B_CMND,52,0,52,0,0,0,0,
S060,development,stable_synthetic,0.25,0.85,64.000128,C_SPECTRAL,52,0,52,0,0,0,0,
S060,development,stable_synthetic,0.25,0.85,64.000128,D_TEMPORAL,52,0,52,0,0,0,0,
S060,development,stable_synthetic,0.25,0.85,64.000128,E_COMBINED,52,0,52,0,0,0,0,
S060,development,stable_synthetic,0.25,0.85,64.000128,F_ABSTAIN,52,0,52,0,0,0,0,
S061,development,stable_synthetic,0.25,0.85,64.000128,A_CURRENT,52,52,0,0,0,0,0,0.41881768875377895
S061,development,stable_synthetic,0.25,0.85,64.000128,B_CMND,52,52,0,0,0,0,0,-2.7622423799106635
S061,development,stable_synthetic,0.25,0.85,64.000128,C_SPECTRAL,52,52,0,0,0,0,0,-2.7622423799106635
S061,development,stable_synthetic,0.25,0.85,64.000128,D_TEMPORAL,52,52,0,0,0,0,0,-2.7622423799106635
S061,development,stable_synthetic,0.25,0.85,64.000128,E_COMBINED,52,52,0,0,0,0,0,-2.7622423799106635
S061,development,stable_synthetic,0.25,0.85,64.000128,F_ABSTAIN,52,52,0,0,0,0,0,-2.7622423799106635
S062,development,stable_synthetic,0.25,0.85,64.000128,A_CURRENT,52,51,1,0,0,0,0,1.2698095102981828
S062,development,stable_synthetic,0.25,0.85,64.000128,B_CMND,52,52,0,0,0,0,0,-2.7622423799106635
S062,development,stable_synthetic,0.25,0.85,64.000128,C_SPECTRAL,52,52,0,0,0,0,0,-2.7622423799106635
S062,development,stable_synthetic,0.25,0.85,64.000128,D_TEMPORAL,52,52,0,0,0,0,0,-2.7622423799106635
S062,development,stable_synthetic,0.25,0.85,64.000128,E_COMBINED,52,52,0,0,0,0,0,-2.7622423799106635
S062,development,stable_synthetic,0.25,0.85,64.000128,F_ABSTAIN,52,52,0,0,0,0,0,-2.7622423799106635
S063,development,stable_synthetic,0.25,0.85,64.000128,A_CURRENT,52,0,52,0,0,0,0,
S063,development,stable_synthetic,0.25,0.85,64.000128,B_CMND,52,0,52,0,0,0,0,
S063,development,stable_synthetic,0.25,0.85,64.000128,C_SPECTRAL,52,0,52,0,0,0,0,
S063,development,stable_synthetic,0.25,0.85,64.000128,D_TEMPORAL,52,0,52,0,0,0,0,
S063,development,stable_synthetic,0.25,0.85,64.000128,E_COMBINED,52,0,52,0,0,0,0,
S063,development,stable_synthetic,0.25,0.85,64.000128,F_ABSTAIN,52,0,52,0,0,0,0,
S064,development,stable_synthetic,0.25,0.85,65.000088,A_CURRENT,52,52,0,0,0,0,0,1.1652762341371312
S064,development,stable_synthetic,0.25,0.85,65.000088,B_CMND,52,52,0,0,0,0,0,3.8128779692025443
S064,development,stable_synthetic,0.25,0.85,65.000088,C_SPECTRAL,52,52,0,0,0,0,0,3.8128779692025443
S064,development,stable_synthetic,0.25,0.85,65.000088,D_TEMPORAL,52,52,0,0,0,0,0,3.8128779692025443
S064,development,stable_synthetic,0.25,0.85,65.000088,E_COMBINED,52,52,0,0,0,0,0,3.8128779692025443
S064,development,stable_synthetic,0.25,0.85,65.000088,F_ABSTAIN,52,52,0,0,0,0,0,3.8128779692025443
S065,development,stable_synthetic,0.25,0.85,65.000088,A_CURRENT,52,52,0,0,0,0,0,6.832596379609675
S065,development,stable_synthetic,0.25,0.85,65.000088,B_CMND,52,52,0,0,0,0,0,3.8128779692025443
S065,development,stable_synthetic,0.25,0.85,65.000088,C_SPECTRAL,52,52,0,0,0,0,0,3.8128779692025443
S065,development,stable_synthetic,0.25,0.85,65.000088,D_TEMPORAL,52,52,0,0,0,0,0,3.8128779692025443
S065,development,stable_synthetic,0.25,0.85,65.000088,E_COMBINED,52,52,0,0,0,0,0,3.8128779692025443
S065,development,stable_synthetic,0.25,0.85,65.000088,F_ABSTAIN,52,52,0,0,0,0,0,3.8128779692025443
S066,development,stable_synthetic,0.25,0.85,65.000088,A_CURRENT,52,0,0,0,52,0,0,
S066,development,stable_synthetic,0.25,0.85,65.000088,B_CMND,52,0,0,0,52,0,0,
S066,development,stable_synthetic,0.25,0.85,65.000088,C_SPECTRAL,52,52,0,0,0,0,0,17.607644574598016
S066,development,stable_synthetic,0.25,0.85,65.000088,D_TEMPORAL,52,0,0,0,52,0,0,
S066,development,stable_synthetic,0.25,0.85,65.000088,E_COMBINED,52,35,0,0,17,0,0,17.607644574598016
S066,development,stable_synthetic,0.25,0.85,65.000088,F_ABSTAIN,52,0,0,0,0,0,52,
S067,development,stable_synthetic,0.25,0.85,65.000088,A_CURRENT,52,52,0,0,0,0,0,1.0648880376032708
S067,development,stable_synthetic,0.25,0.85,65.000088,B_CMND,52,52,0,0,0,0,0,3.8128779692025443
S067,development,stable_synthetic,0.25,0.85,65.000088,C_SPECTRAL,52,52,0,0,0,0,0,3.8128779692025443
S067,development,stable_synthetic,0.25,0.85,65.000088,D_TEMPORAL,52,52,0,0,0,0,0,3.8128779692025443
S067,development,stable_synthetic,0.25,0.85,65.000088,E_COMBINED,52,52,0,0,0,0,0,3.8128779692025443
S067,development,stable_synthetic,0.25,0.85,65.000088,F_ABSTAIN,52,52,0,0,0,0,0,3.8128779692025443
S068,development,stable_synthetic,0.25,0.85,65.000088,A_CURRENT,52,52,0,0,0,0,0,5.924459658964352
S068,development,stable_synthetic,0.25,0.85,65.000088,B_CMND,52,52,0,0,0,0,0,3.8128779692025443
S068,development,stable_synthetic,0.25,0.85,65.000088,C_SPECTRAL,52,52,0,0,0,0,0,3.8128779692025443
S068,development,stable_synthetic,0.25,0.85,65.000088,D_TEMPORAL,52,52,0,0,0,0,0,3.8128779692025443
S068,development,stable_synthetic,0.25,0.85,65.000088,E_COMBINED,52,52,0,0,0,0,0,3.8128779692025443
S068,development,stable_synthetic,0.25,0.85,65.000088,F_ABSTAIN,52,52,0,0,0,0,0,3.8128779692025443
S069,development,stable_synthetic,0.25,0.85,65.000088,A_CURRENT,52,0,52,0,0,0,0,
S069,development,stable_synthetic,0.25,0.85,65.000088,B_CMND,52,0,52,0,0,0,0,
S069,development,stable_synthetic,0.25,0.85,65.000088,C_SPECTRAL,52,0,52,0,0,0,0,
S069,development,stable_synthetic,0.25,0.85,65.000088,D_TEMPORAL,52,0,52,0,0,0,0,
S069,development,stable_synthetic,0.25,0.85,65.000088,E_COMBINED,52,0,52,0,0,0,0,
S069,development,stable_synthetic,0.25,0.85,65.000088,F_ABSTAIN,52,0,52,0,0,0,0,
S070,development,stable_synthetic,0.25,0.85,65.000088,A_CURRENT,52,52,0,0,0,0,0,0.6176060263920928
S070,development,stable_synthetic,0.25,0.85,65.000088,B_CMND,52,52,0,0,0,0,0,3.8128779692025443
S070,development,stable_synthetic,0.25,0.85,65.000088,C_SPECTRAL,52,52,0,0,0,0,0,3.8128779692025443
S070,development,stable_synthetic,0.25,0.85,65.000088,D_TEMPORAL,52,52,0,0,0,0,0,3.8128779692025443
S070,development,stable_synthetic,0.25,0.85,65.000088,E_COMBINED,52,52,0,0,0,0,0,3.8128779692025443
S070,development,stable_synthetic,0.25,0.85,65.000088,F_ABSTAIN,52,52,0,0,0,0,0,3.8128779692025443
S071,development,stable_synthetic,0.25,0.85,65.000088,A_CURRENT,52,15,37,0,0,0,0,2.5474409421384503
S071,development,stable_synthetic,0.25,0.85,65.000088,B_CMND,52,52,0,0,0,0,0,3.8128779692025443
S071,development,stable_synthetic,0.25,0.85,65.000088,C_SPECTRAL,52,0,52,0,0,0,0,
S071,development,stable_synthetic,0.25,0.85,65.000088,D_TEMPORAL,52,52,0,0,0,0,0,3.8128779692025443
S071,development,stable_synthetic,0.25,0.85,65.000088,E_COMBINED,52,0,52,0,0,0,0,
S071,development,stable_synthetic,0.25,0.85,65.000088,F_ABSTAIN,52,0,0,0,0,0,52,
S072,development,stable_synthetic,0.25,0.85,65.000088,A_CURRENT,52,0,52,0,0,0,0,
S072,development,stable_synthetic,0.25,0.85,65.000088,B_CMND,52,0,52,0,0,0,0,
S072,development,stable_synthetic,0.25,0.85,65.000088,C_SPECTRAL,52,0,52,0,0,0,0,
S072,development,stable_synthetic,0.25,0.85,65.000088,D_TEMPORAL,52,0,52,0,0,0,0,
S072,development,stable_synthetic,0.25,0.85,65.000088,E_COMBINED,52,0,52,0,0,0,0,
S072,development,stable_synthetic,0.25,0.85,65.000088,F_ABSTAIN,52,0,52,0,0,0,0,
S073,development,stable_synthetic,0.25,0.85,69.0,A_CURRENT,52,52,0,0,0,0,0,1.0271783592194297
S073,development,stable_synthetic,0.25,0.85,69.0,B_CMND,52,52,0,0,0,0,0,3.9301584394330495
S073,development,stable_synthetic,0.25,0.85,69.0,C_SPECTRAL,52,52,0,0,0,0,0,3.9301584394330495
S073,development,stable_synthetic,0.25,0.85,69.0,D_TEMPORAL,52,52,0,0,0,0,0,3.9301584394330495
S073,development,stable_synthetic,0.25,0.85,69.0,E_COMBINED,52,52,0,0,0,0,0,3.9301584394330495
S073,development,stable_synthetic,0.25,0.85,69.0,F_ABSTAIN,52,52,0,0,0,0,0,3.9301584394330495
S074,development,stable_synthetic,0.25,0.85,69.0,A_CURRENT,52,52,0,0,0,0,0,5.818419726254334
S074,development,stable_synthetic,0.25,0.85,69.0,B_CMND,52,52,0,0,0,0,0,3.9301584394330495
S074,development,stable_synthetic,0.25,0.85,69.0,C_SPECTRAL,52,52,0,0,0,0,0,3.9301584394330495
S074,development,stable_synthetic,0.25,0.85,69.0,D_TEMPORAL,52,52,0,0,0,0,0,3.9301584394330495
S074,development,stable_synthetic,0.25,0.85,69.0,E_COMBINED,52,52,0,0,0,0,0,3.9301584394330495
S074,development,stable_synthetic,0.25,0.85,69.0,F_ABSTAIN,52,52,0,0,0,0,0,3.9301584394330495
S075,development,stable_synthetic,0.25,0.85,69.0,A_CURRENT,52,0,0,0,52,0,0,
S075,development,stable_synthetic,0.25,0.85,69.0,B_CMND,52,52,0,0,0,0,0,21.329642075337766
S075,development,stable_synthetic,0.25,0.85,69.0,C_SPECTRAL,52,52,0,0,0,0,0,21.329642075337766
S075,development,stable_synthetic,0.25,0.85,69.0,D_TEMPORAL,52,0,0,0,52,0,0,
S075,development,stable_synthetic,0.25,0.85,69.0,E_COMBINED,52,52,0,0,0,0,0,21.329642075337766
S075,development,stable_synthetic,0.25,0.85,69.0,F_ABSTAIN,52,52,0,0,0,0,0,21.329642075337766
S076,development,stable_synthetic,0.25,0.85,69.0,A_CURRENT,52,52,0,0,0,0,0,1.192175911143264
S076,development,stable_synthetic,0.25,0.85,69.0,B_CMND,52,52,0,0,0,0,0,3.9301584394330495
S076,development,stable_synthetic,0.25,0.85,69.0,C_SPECTRAL,52,52,0,0,0,0,0,3.9301584394330495
S076,development,stable_synthetic,0.25,0.85,69.0,D_TEMPORAL,52,52,0,0,0,0,0,3.9301584394330495
S076,development,stable_synthetic,0.25,0.85,69.0,E_COMBINED,52,52,0,0,0,0,0,3.9301584394330495
S076,development,stable_synthetic,0.25,0.85,69.0,F_ABSTAIN,52,52,0,0,0,0,0,3.9301584394330495
S077,development,stable_synthetic,0.25,0.85,69.0,A_CURRENT,52,52,0,0,0,0,0,6.768835412067558
S077,development,stable_synthetic,0.25,0.85,69.0,B_CMND,52,52,0,0,0,0,0,3.9301584394330495
S077,development,stable_synthetic,0.25,0.85,69.0,C_SPECTRAL,52,52,0,0,0,0,0,3.9301584394330495
S077,development,stable_synthetic,0.25,0.85,69.0,D_TEMPORAL,52,52,0,0,0,0,0,3.9301584394330495
S077,development,stable_synthetic,0.25,0.85,69.0,E_COMBINED,52,52,0,0,0,0,0,3.9301584394330495
S077,development,stable_synthetic,0.25,0.85,69.0,F_ABSTAIN,52,52,0,0,0,0,0,3.9301584394330495
S078,development,stable_synthetic,0.25,0.85,69.0,A_CURRENT,52,0,0,0,52,0,0,
S078,development,stable_synthetic,0.25,0.85,69.0,B_CMND,52,0,0,0,52,0,0,
S078,development,stable_synthetic,0.25,0.85,69.0,C_SPECTRAL,52,52,0,0,0,0,0,21.329642075337766
S078,development,stable_synthetic,0.25,0.85,69.0,D_TEMPORAL,52,0,0,0,52,0,0,
S078,development,stable_synthetic,0.25,0.85,69.0,E_COMBINED,52,52,0,0,0,0,0,21.329642075337766
S078,development,stable_synthetic,0.25,0.85,69.0,F_ABSTAIN,52,0,0,0,0,0,52,
S079,development,stable_synthetic,0.25,0.85,69.0,A_CURRENT,52,52,0,0,0,0,0,1.1572577420632932
S079,development,stable_synthetic,0.25,0.85,69.0,B_CMND,52,52,0,0,0,0,0,3.9301584394330495
S079,development,stable_synthetic,0.25,0.85,69.0,C_SPECTRAL,52,52,0,0,0,0,0,3.9301584394330495
S079,development,stable_synthetic,0.25,0.85,69.0,D_TEMPORAL,52,52,0,0,0,0,0,3.9301584394330495
S079,development,stable_synthetic,0.25,0.85,69.0,E_COMBINED,52,52,0,0,0,0,0,3.9301584394330495
S079,development,stable_synthetic,0.25,0.85,69.0,F_ABSTAIN,52,52,0,0,0,0,0,3.9301584394330495
S080,development,stable_synthetic,0.25,0.85,69.0,A_CURRENT,52,52,0,0,0,0,0,6.372772646203448
S080,development,stable_synthetic,0.25,0.85,69.0,B_CMND,52,52,0,0,0,0,0,3.9301584394330495
S080,development,stable_synthetic,0.25,0.85,69.0,C_SPECTRAL,52,52,0,0,0,0,0,3.9301584394330495
S080,development,stable_synthetic,0.25,0.85,69.0,D_TEMPORAL,52,52,0,0,0,0,0,3.9301584394330495
S080,development,stable_synthetic,0.25,0.85,69.0,E_COMBINED,52,52,0,0,0,0,0,3.9301584394330495
S080,development,stable_synthetic,0.25,0.85,69.0,F_ABSTAIN,52,52,0,0,0,0,0,3.9301584394330495
S081,development,stable_synthetic,0.25,0.85,69.0,A_CURRENT,52,0,52,0,0,0,0,
S081,development,stable_synthetic,0.25,0.85,69.0,B_CMND,52,0,52,0,0,0,0,
S081,development,stable_synthetic,0.25,0.85,69.0,C_SPECTRAL,52,0,52,0,0,0,0,
S081,development,stable_synthetic,0.25,0.85,69.0,D_TEMPORAL,52,0,52,0,0,0,0,
S081,development,stable_synthetic,0.25,0.85,69.0,E_COMBINED,52,0,52,0,0,0,0,
S081,development,stable_synthetic,0.25,0.85,69.0,F_ABSTAIN,52,0,52,0,0,0,0,
S082,development,stable_synthetic,0.25,0.85,52.999989,A_CURRENT,52,52,0,0,0,0,0,0.005231960999757116
S082,development,stable_synthetic,0.25,0.85,52.999989,B_CMND,52,52,0,0,0,0,0,-3.0336034666209306
S082,development,stable_synthetic,0.25,0.85,52.999989,C_SPECTRAL,52,52,0,0,0,0,0,-3.0336034666209306
S082,development,stable_synthetic,0.25,0.85,52.999989,D_TEMPORAL,52,52,0,0,0,0,0,-3.0336034666209306
S082,development,stable_synthetic,0.25,0.85,52.999989,E_COMBINED,52,52,0,0,0,0,0,-3.0336034666209306
S082,development,stable_synthetic,0.25,0.85,52.999989,F_ABSTAIN,52,52,0,0,0,0,0,-3.0336034666209306
S083,development,stable_synthetic,1.25,1.85,64.999989,A_CURRENT,52,52,0,0,0,0,0,0.043809168503560036
S083,development,stable_synthetic,1.25,1.85,64.999989,B_CMND,52,52,0,0,0,0,0,3.8227779692029964
S083,development,stable_synthetic,1.25,1.85,64.999989,C_SPECTRAL,52,52,0,0,0,0,0,3.8227779692029964
S083,development,stable_synthetic,1.25,1.85,64.999989,D_TEMPORAL,52,52,0,0,0,0,0,3.8227779692029964
S083,development,stable_synthetic,1.25,1.85,64.999989,E_COMBINED,52,52,0,0,0,0,0,3.8227779692029964
S083,development,stable_synthetic,1.25,1.85,64.999989,F_ABSTAIN,52,52,0,0,0,0,0,3.8227779692029964
S084,development,stable_synthetic,0.25,0.85,64.999989,A_CURRENT,52,52,0,0,0,0,0,0.04365788491607032
S084,development,stable_synthetic,0.25,0.85,64.999989,B_CMND,52,52,0,0,0,0,0,3.8227779692029964
S084,development,stable_synthetic,0.25,0.85,64.999989,C_SPECTRAL,52,52,0,0,0,0,0,3.8227779692029964
S084,development,stable_synthetic,0.25,0.85,64.999989,D_TEMPORAL,52,52,0,0,0,0,0,3.8227779692029964
S084,development,stable_synthetic,0.25,0.85,64.999989,E_COMBINED,52,52,0,0,0,0,0,3.8227779692029964
S084,development,stable_synthetic,0.25,0.85,64.999989,F_ABSTAIN,52,52,0,0,0,0,0,3.8227779692029964
S085,development,stable_synthetic,1.25,1.85,76.999989,A_CURRENT,52,52,0,0,0,0,0,0.21686654062584146
S085,development,stable_synthetic,1.25,1.85,76.999989,B_CMND,52,52,0,0,0,0,0,3.8227779692029964
S085,development,stable_synthetic,1.25,1.85,76.999989,C_SPECTRAL,52,52,0,0,0,0,0,3.8227779692029964
S085,development,stable_synthetic,1.25,1.85,76.999989,D_TEMPORAL,52,52,0,0,0,0,0,3.8227779692029964
S085,development,stable_synthetic,1.25,1.85,76.999989,E_COMBINED,52,52,0,0,0,0,0,3.8227779692029964
S085,development,stable_synthetic,1.25,1.85,76.999989,F_ABSTAIN,52,52,0,0,0,0,0,3.8227779692029964
S086,development,stable_synthetic,0.25,0.85,64.000128,A_CURRENT,52,52,0,0,0,0,0,0.039164773155843206
S086,development,stable_synthetic,0.25,0.85,64.000128,B_CMND,52,52,0,0,0,0,0,-2.7622423799106635
S086,development,stable_synthetic,0.25,0.85,64.000128,C_SPECTRAL,52,52,0,0,0,0,0,-2.7622423799106635
S086,development,stable_synthetic,0.25,0.85,64.000128,D_TEMPORAL,52,52,0,0,0,0,0,-2.7622423799106635
S086,development,stable_synthetic,0.25,0.85,64.000128,E_COMBINED,52,52,0,0,0,0,0,-2.7622423799106635
S086,development,stable_synthetic,0.25,0.85,64.000128,F_ABSTAIN,52,52,0,0,0,0,0,-2.7622423799106635
S087,development,stable_synthetic,1.25,1.85,65.000088,A_CURRENT,52,52,0,0,0,0,0,0.04389371723474633
S087,development,stable_synthetic,1.25,1.85,65.000088,B_CMND,52,52,0,0,0,0,0,3.8128779692025443
S087,development,stable_synthetic,1.25,1.85,65.000088,C_SPECTRAL,52,52,0,0,0,0,0,3.8128779692025443
S087,development,stable_synthetic,1.25,1.85,65.000088,D_TEMPORAL,52,52,0,0,0,0,0,3.8128779692025443
S087,development,stable_synthetic,1.25,1.85,65.000088,E_COMBINED,52,52,0,0,0,0,0,3.8128779692025443
S087,development,stable_synthetic,1.25,1.85,65.000088,F_ABSTAIN,52,52,0,0,0,0,0,3.8128779692025443
S088,development,stable_synthetic,0.25,0.85,65.000088,A_CURRENT,52,52,0,0,0,0,0,0.043742434519932594
S088,development,stable_synthetic,0.25,0.85,65.000088,B_CMND,52,52,0,0,0,0,0,3.8128779692025443
S088,development,stable_synthetic,0.25,0.85,65.000088,C_SPECTRAL,52,52,0,0,0,0,0,3.8128779692025443
S088,development,stable_synthetic,0.25,0.85,65.000088,D_TEMPORAL,52,52,0,0,0,0,0,3.8128779692025443
S088,development,stable_synthetic,0.25,0.85,65.000088,E_COMBINED,52,52,0,0,0,0,0,3.8128779692025443
S088,development,stable_synthetic,0.25,0.85,65.000088,F_ABSTAIN,52,52,0,0,0,0,0,3.8128779692025443
S089,development,stable_synthetic,1.25,1.85,64.000128,A_CURRENT,52,52,0,0,0,0,0,0.039164773155843206
S089,development,stable_synthetic,1.25,1.85,64.000128,B_CMND,52,52,0,0,0,0,0,-2.7622423799106635
S089,development,stable_synthetic,1.25,1.85,64.000128,C_SPECTRAL,52,52,0,0,0,0,0,-2.7622423799106635
S089,development,stable_synthetic,1.25,1.85,64.000128,D_TEMPORAL,52,52,0,0,0,0,0,-2.7622423799106635
S089,development,stable_synthetic,1.25,1.85,64.000128,E_COMBINED,52,52,0,0,0,0,0,-2.7622423799106635
S089,development,stable_synthetic,1.25,1.85,64.000128,F_ABSTAIN,52,52,0,0,0,0,0,-2.7622423799106635
H001,heldout,stable_heldout_synthetic,0.25,0.85,52.000023,A_CURRENT,52,52,0,0,0,0,0,1.8644833979713231
H001,heldout,stable_heldout_synthetic,0.25,0.85,52.000023,B_CMND,52,52,0,0,0,0,0,3.720168145687156
H001,heldout,stable_heldout_synthetic,0.25,0.85,52.000023,C_SPECTRAL,52,52,0,0,0,0,0,3.720168145687156
H001,heldout,stable_heldout_synthetic,0.25,0.85,52.000023,D_TEMPORAL,52,52,0,0,0,0,0,3.720168145687156
H001,heldout,stable_heldout_synthetic,0.25,0.85,52.000023,E_COMBINED,52,52,0,0,0,0,0,3.720168145687156
H001,heldout,stable_heldout_synthetic,0.25,0.85,52.000023,F_ABSTAIN,52,52,0,0,0,0,0,3.720168145687156
H002,heldout,stable_heldout_synthetic,0.25,0.85,52.999989,A_CURRENT,52,52,0,0,0,0,0,1.8662453960473167
H002,heldout,stable_heldout_synthetic,0.25,0.85,52.999989,B_CMND,52,52,0,0,0,0,0,3.8227779692029964
H002,heldout,stable_heldout_synthetic,0.25,0.85,52.999989,C_SPECTRAL,52,52,0,0,0,0,0,3.8227779692029964
H002,heldout,stable_heldout_synthetic,0.25,0.85,52.999989,D_TEMPORAL,52,52,0,0,0,0,0,3.8227779692029964
H002,heldout,stable_heldout_synthetic,0.25,0.85,52.999989,E_COMBINED,52,52,0,0,0,0,0,3.8227779692029964
H002,heldout,stable_heldout_synthetic,0.25,0.85,52.999989,F_ABSTAIN,52,52,0,0,0,0,0,3.8227779692029964
H003,heldout,stable_heldout_synthetic,0.25,0.85,57.0,A_CURRENT,52,52,0,0,0,0,0,1.870480611696294
H003,heldout,stable_heldout_synthetic,0.25,0.85,57.0,B_CMND,52,52,0,0,0,0,0,3.9301584394330495
H003,heldout,stable_heldout_synthetic,0.25,0.85,57.0,C_SPECTRAL,52,52,0,0,0,0,0,3.9301584394330495
H003,heldout,stable_heldout_synthetic,0.25,0.85,57.0,D_TEMPORAL,52,52,0,0,0,0,0,3.9301584394330495
H003,heldout,stable_heldout_synthetic,0.25,0.85,57.0,E_COMBINED,52,52,0,0,0,0,0,3.9301584394330495
H003,heldout,stable_heldout_synthetic,0.25,0.85,57.0,F_ABSTAIN,52,52,0,0,0,0,0,3.9301584394330495
H004,heldout,stable_heldout_synthetic,0.25,0.85,64.000023,A_CURRENT,52,52,0,0,0,0,0,1.880334058204997
H004,heldout,stable_heldout_synthetic,0.25,0.85,64.000023,B_CMND,52,52,0,0,0,0,0,-2.7517423799100316
H004,heldout,stable_heldout_synthetic,0.25,0.85,64.000023,C_SPECTRAL,52,52,0,0,0,0,0,-2.7517423799100316
H004,heldout,stable_heldout_synthetic,0.25,0.85,64.000023,D_TEMPORAL,52,52,0,0,0,0,0,-2.7517423799100316
H004,heldout,stable_heldout_synthetic,0.25,0.85,64.000023,E_COMBINED,52,52,0,0,0,0,0,-2.7517423799100316
H004,heldout,stable_heldout_synthetic,0.25,0.85,64.000023,F_ABSTAIN,52,52,0,0,0,0,0,-2.7517423799100316
H005,heldout,stable_heldout_synthetic,0.25,0.85,64.999989,A_CURRENT,52,52,0,0,0,0,0,1.9044789249851604
H005,heldout,stable_heldout_synthetic,0.25,0.85,64.999989,B_CMND,52,52,0,0,0,0,0,3.8227779692029964
H005,heldout,stable_heldout_synthetic,0.25,0.85,64.999989,C_SPECTRAL,52,52,0,0,0,0,0,3.8227779692029964
H005,heldout,stable_heldout_synthetic,0.25,0.85,64.999989,D_TEMPORAL,52,52,0,0,0,0,0,3.8227779692029964
H005,heldout,stable_heldout_synthetic,0.25,0.85,64.999989,E_COMBINED,52,52,0,0,0,0,0,3.8227779692029964
H005,heldout,stable_heldout_synthetic,0.25,0.85,64.999989,F_ABSTAIN,52,52,0,0,0,0,0,3.8227779692029964
H006,heldout,stable_heldout_synthetic,0.25,0.85,69.0,A_CURRENT,52,52,0,0,0,0,0,1.9352499716126315
H006,heldout,stable_heldout_synthetic,0.25,0.85,69.0,B_CMND,52,52,0,0,0,0,0,3.9301584394330495
H006,heldout,stable_heldout_synthetic,0.25,0.85,69.0,C_SPECTRAL,52,52,0,0,0,0,0,3.9301584394330495
H006,heldout,stable_heldout_synthetic,0.25,0.85,69.0,D_TEMPORAL,52,52,0,0,0,0,0,3.9301584394330495
H006,heldout,stable_heldout_synthetic,0.25,0.85,69.0,E_COMBINED,52,52,0,0,0,0,0,3.9301584394330495
H006,heldout,stable_heldout_synthetic,0.25,0.85,69.0,F_ABSTAIN,52,52,0,0,0,0,0,3.9301584394330495
H007,heldout,stable_heldout_synthetic,0.25,0.85,75.999997,A_CURRENT,52,52,0,0,0,0,0,2.0050913167526656
H007,heldout,stable_heldout_synthetic,0.25,0.85,75.999997,B_CMND,52,52,0,0,0,0,0,-2.749142379909274
H007,heldout,stable_heldout_synthetic,0.25,0.85,75.999997,C_SPECTRAL,52,52,0,0,0,0,0,-2.749142379909274
H007,heldout,stable_heldout_synthetic,0.25,0.85,75.999997,D_TEMPORAL,52,52,0,0,0,0,0,-2.749142379909274
H007,heldout,stable_heldout_synthetic,0.25,0.85,75.999997,E_COMBINED,52,52,0,0,0,0,0,-2.749142379909274
H007,heldout,stable_heldout_synthetic,0.25,0.85,75.999997,F_ABSTAIN,52,52,0,0,0,0,0,-2.749142379909274
H008,heldout,stable_heldout_synthetic,0.25,0.85,76.999989,A_CURRENT,52,52,0,0,0,0,0,2.06692421204673
H008,heldout,stable_heldout_synthetic,0.25,0.85,76.999989,B_CMND,52,52,0,0,0,0,0,3.8227779692029964
H008,heldout,stable_heldout_synthetic,0.25,0.85,76.999989,C_SPECTRAL,52,52,0,0,0,0,0,3.8227779692029964
H008,heldout,stable_heldout_synthetic,0.25,0.85,76.999989,D_TEMPORAL,52,52,0,0,0,0,0,3.8227779692029964
H008,heldout,stable_heldout_synthetic,0.25,0.85,76.999989,E_COMBINED,52,52,0,0,0,0,0,3.8227779692029964
H008,heldout,stable_heldout_synthetic,0.25,0.85,76.999989,F_ABSTAIN,52,52,0,0,0,0,0,3.8227779692029964
H009,heldout,stable_heldout_synthetic,0.25,0.85,81.0,A_CURRENT,52,52,0,0,0,0,0,2.1939434002629388
H009,heldout,stable_heldout_synthetic,0.25,0.85,81.0,B_CMND,52,52,0,0,0,0,0,3.9301584394330495
H009,heldout,stable_heldout_synthetic,0.25,0.85,81.0,C_SPECTRAL,52,52,0,0,0,0,0,3.9301584394330495
H009,heldout,stable_heldout_synthetic,0.25,0.85,81.0,D_TEMPORAL,52,52,0,0,0,0,0,3.9301584394330495
H009,heldout,stable_heldout_synthetic,0.25,0.85,81.0,E_COMBINED,52,52,0,0,0,0,0,3.9301584394330495
H009,heldout,stable_heldout_synthetic,0.25,0.85,81.0,F_ABSTAIN,52,52,0,0,0,0,0,3.9301584394330495
H010,heldout,stable_heldout_synthetic,0.25,0.85,60.000029,A_CURRENT,52,0,52,0,0,0,0,
H010,heldout,stable_heldout_synthetic,0.25,0.85,60.000029,B_CMND,52,0,52,0,0,0,0,
H010,heldout,stable_heldout_synthetic,0.25,0.85,60.000029,C_SPECTRAL,52,0,52,0,0,0,0,
H010,heldout,stable_heldout_synthetic,0.25,0.85,60.000029,D_TEMPORAL,52,0,52,0,0,0,0,
H010,heldout,stable_heldout_synthetic,0.25,0.85,60.000029,E_COMBINED,52,0,52,0,0,0,0,
H010,heldout,stable_heldout_synthetic,0.25,0.85,60.000029,F_ABSTAIN,52,0,52,0,0,0,0,
H011,heldout,stable_heldout_synthetic,0.25,0.85,67.000202,A_CURRENT,52,0,52,0,0,0,0,
H011,heldout,stable_heldout_synthetic,0.25,0.85,67.000202,B_CMND,52,0,52,0,0,0,0,
H011,heldout,stable_heldout_synthetic,0.25,0.85,67.000202,C_SPECTRAL,52,52,0,0,0,0,0,23.238346547680166
H011,heldout,stable_heldout_synthetic,0.25,0.85,67.000202,D_TEMPORAL,52,0,52,0,0,0,0,
H011,heldout,stable_heldout_synthetic,0.25,0.85,67.000202,E_COMBINED,52,52,0,0,0,0,0,23.238346547680166
H011,heldout,stable_heldout_synthetic,0.25,0.85,67.000202,F_ABSTAIN,52,0,0,0,0,0,52,
H012,heldout,stable_heldout_synthetic,0.25,0.85,71.999996,A_CURRENT,52,0,0,0,52,0,0,
H012,heldout,stable_heldout_synthetic,0.25,0.85,71.999996,B_CMND,52,52,0,0,0,0,0,26.510668553382384
H012,heldout,stable_heldout_synthetic,0.25,0.85,71.999996,C_SPECTRAL,52,52,0,0,0,0,0,26.510668553382384
H012,heldout,stable_heldout_synthetic,0.25,0.85,71.999996,D_TEMPORAL,52,0,0,0,52,0,0,
H012,heldout,stable_heldout_synthetic,0.25,0.85,71.999996,E_COMBINED,52,7,0,0,45,0,0,26.510668553382384
H012,heldout,stable_heldout_synthetic,0.25,0.85,71.999996,F_ABSTAIN,52,7,0,0,45,0,0,26.510668553382384
H013,heldout,stable_heldout_synthetic,0.25,0.85,79.000003,A_CURRENT,52,0,0,0,52,0,0,
H013,heldout,stable_heldout_synthetic,0.25,0.85,79.000003,B_CMND,52,52,0,0,0,0,0,7.731379699977144
H013,heldout,stable_heldout_synthetic,0.25,0.85,79.000003,C_SPECTRAL,52,52,0,0,0,0,0,7.731379699977144
H013,heldout,stable_heldout_synthetic,0.25,0.85,79.000003,D_TEMPORAL,52,0,0,0,52,0,0,
H013,heldout,stable_heldout_synthetic,0.25,0.85,79.000003,E_COMBINED,52,52,0,0,0,0,0,7.731379699977144
H013,heldout,stable_heldout_synthetic,0.25,0.85,79.000003,F_ABSTAIN,52,52,0,0,0,0,0,7.731379699977144
H014,heldout,stable_heldout_synthetic,0.25,0.85,49.999955,A_CURRENT,52,52,0,0,0,0,0,0.006638205987379421
H014,heldout,stable_heldout_synthetic,0.25,0.85,49.999955,B_CMND,52,52,0,0,0,0,0,1.9796575740456093
H014,heldout,stable_heldout_synthetic,0.25,0.85,49.999955,C_SPECTRAL,52,52,0,0,0,0,0,1.9796575740456093
H014,heldout,stable_heldout_synthetic,0.25,0.85,49.999955,D_TEMPORAL,52,52,0,0,0,0,0,1.9796575740456093
H014,heldout,stable_heldout_synthetic,0.25,0.85,49.999955,E_COMBINED,52,52,0,0,0,0,0,1.9796575740456093
H014,heldout,stable_heldout_synthetic,0.25,0.85,49.999955,F_ABSTAIN,52,52,0,0,0,0,0,1.9796575740456093
H015,heldout,stable_heldout_synthetic,0.25,0.85,55.000202,A_CURRENT,52,52,0,0,0,0,0,0.01680391001301815
H015,heldout,stable_heldout_synthetic,0.25,0.85,55.000202,B_CMND,52,52,0,0,0,0,0,-0.00004329134170160723
H015,heldout,stable_heldout_synthetic,0.25,0.85,55.000202,C_SPECTRAL,52,52,0,0,0,0,0,-0.00004329134170160723
H015,heldout,stable_heldout_synthetic,0.25,0.85,55.000202,D_TEMPORAL,52,52,0,0,0,0,0,-0.00004329134170160723
H015,heldout,stable_heldout_synthetic,0.25,0.85,55.000202,E_COMBINED,52,52,0,0,0,0,0,-0.00004329134170160723
H015,heldout,stable_heldout_synthetic,0.25,0.85,55.000202,F_ABSTAIN,52,52,0,0,0,0,0,-0.00004329134170160723
H016,heldout,stable_heldout_synthetic,0.25,0.85,59.000024,A_CURRENT,52,52,0,0,0,0,0,0.012467767457301448
H016,heldout,stable_heldout_synthetic,0.25,0.85,59.000024,B_CMND,52,52,0,0,0,0,0,-4.0237465465919735
H016,heldout,stable_heldout_synthetic,0.25,0.85,59.000024,C_SPECTRAL,52,52,0,0,0,0,0,-4.0237465465919735
H016,heldout,stable_heldout_synthetic,0.25,0.85,59.000024,D_TEMPORAL,52,52,0,0,0,0,0,-4.0237465465919735
H016,heldout,stable_heldout_synthetic,0.25,0.85,59.000024,E_COMBINED,52,52,0,0,0,0,0,-4.0237465465919735
H016,heldout,stable_heldout_synthetic,0.25,0.85,59.000024,F_ABSTAIN,52,52,0,0,0,0,0,-4.0237465465919735
