set,corpus,strategy,frames,correct,octaveDown,octaveUp,other,unvoiced,abstain,medianCorrectCents
development,synthetic,A_CURRENT,4628,3920,448,0,260,0,0,0.45441221755513383
development,synthetic,B_CMND,4628,4056,416,0,156,0,0,3.8128779692025443
development,synthetic,C_SPECTRAL,4628,4160,468,0,0,0,0,3.8128779692025443
development,synthetic,D_TEMPORAL,4628,3900,468,0,260,0,0,3.8128779692025443
development,synthetic,E_COMBINED,4628,4143,468,0,17,0,0,3.8128779692025443
development,synthetic,F_ABSTAIN,4628,3952,364,0,0,0,312,3.8128779692025443
heldout,synthetic,A_CURRENT,832,624,104,0,104,0,0,1.8765216868546748
heldout,synthetic,B_CMND,832,728,104,0,0,0,0,3.8227779692029964
heldout,synthetic,C_SPECTRAL,832,780,52,0,0,0,0,3.8227779692029964
heldout,synthetic,D_TEMPORAL,832,624,104,0,104,0,0,3.8227779692029964
heldout,synthetic,E_COMBINED,832,735,52,0,45,0,0,3.8227779692029964
heldout,synthetic,F_ABSTAIN,832,683,52,0,45,0,52,3.8227779692029964
