set,domain,policy,labelledFrames,covered,coveragePercent,voicedFrames,voicedCovered,voicedCoveragePercent,correctRetained,wrongRetained,confidentWrongRetained,abstainedCorrect,abstainedWrong,octaveDownRetained,octaveDownAbstained,octaveUpRetained,otherErrorRetained,unvoicedRetained
development,real,F0_CURRENT,1989,1989,100.0,1633,1633,100.0,1382,251,251,0,0,234,0,0,17,356
development,real,F1_CMND,1989,1849,92.96128707893413,1633,1493,91.42682180036742,1311,182,182,71,69,166,68,0,16,356
development,real,F2_DISAGREEMENT,1989,1800,90.49773755656109,1633,1444,88.42620943049602,1378,66,66,4,185,58,176,0,8,356
development,real,F3_MARGIN,1989,1975,99.29612870789342,1633,1619,99.14268218003674,1379,240,240,3,11,224,10,0,16,356
development,real,F4_DECAY_INSTABILITY,1989,1965,98.79336349924586,1633,1609,98.53031230863442,1372,237,237,10,14,222,12,0,15,356
development,real,F5_CONSERVATIVE,1989,1790,89.99497234791352,1633,1434,87.8138395590937,1368,66,66,14,185,58,176,0,8,356
heldout,real,F0_CURRENT,1190,1190,100.0,1118,1118,100.0,1033,85,85,0,0,84,0,0,1,72
heldout,real,F1_CMND,1190,1130,94.95798319327731,1118,1058,94.63327370304114,986,72,72,47,13,72,12,0,0,72
heldout,real,F2_DISAGREEMENT,1190,1126,94.6218487394958,1118,1054,94.27549194991056,1033,21,21,0,64,21,63,0,0,72
heldout,real,F3_MARGIN,1190,1185,99.5798319327731,1118,1113,99.55277280858677,1031,82,82,2,3,81,3,0,1,72
heldout,real,F4_DECAY_INSTABILITY,1190,1178,98.99159663865547,1118,1106,98.92665474060823,1027,79,79,6,6,78,6,0,1,72
heldout,real,F5_CONSERVATIVE,1190,1120,94.11764705882354,1118,1048,93.73881932021467,1027,21,21,6,64,21,63,0,0,72
development,synthetic,F0_CURRENT,4628,4628,100.0,4628,4628,100.0,3920,708,708,0,0,448,0,0,260,0
development,synthetic,F1_CMND,4628,4264,92.13483146067416,4628,4264,92.13483146067416,3556,708,708,364,0,448,0,0,260,0
development,synthetic,F2_DISAGREEMENT,4628,4330,93.56093344857389,4628,4330,93.56093344857389,3891,439,439,29,269,439,9,0,0,0
development,synthetic,F3_MARGIN,4628,4611,99.63267070008644,4628,4611,99.63267070008644,3920,691,691,0,17,448,0,0,243,0
development,synthetic,F4_DECAY_INSTABILITY,4628,4628,100.0,4628,4628,100.0,3920,708,708,0,0,448,0,0,260,0
development,synthetic,F5_CONSERVATIVE,4628,4330,93.56093344857389,4628,4330,93.56093344857389,3891,439,439,29,269,439,9,0,0,0
heldout,synthetic,F0_CURRENT,832,832,100.0,832,832,100.0,624,208,208,0,0,104,0,0,104,0
heldout,synthetic,F1_CMND,832,832,100.0,832,832,100.0,624,208,208,0,0,104,0,0,104,0
heldout,synthetic,F2_DISAGREEMENT,832,676,81.25,832,676,81.25,624,52,52,0,156,52,52,0,0,0
heldout,synthetic,F3_MARGIN,832,780,93.75,832,780,93.75,624,156,156,0,52,104,0,0,52,0
heldout,synthetic,F4_DECAY_INSTABILITY,832,832,100.0,832,832,100.0,624,208,208,0,0,104,0,0,104,0
heldout,synthetic,F5_CONSERVATIVE,832,676,81.25,832,676,81.25,624,52,52,0,156,52,52,0,0,0
