caseId,pcmFormat,pcmFrames,pcmSeconds,rms,peak,clippedFrames,leadingBelow003Seconds,trailingBelow003Seconds
C01,mono-44100-f32le,143360,3.250793650793651,0.11425727753068585,0.6663818359375,0,0.011609977324263039,0.011609977324263039
C02,mono-44100-f32le,190464,4.31891156462585,0.10745429663771472,0.710357666015625,0,0.0,0.0
C03,mono-44100-f32le,189440,4.295691609977324,0.10725267752084788,0.7115478515625,0,0.0,0.0
C04,mono-44100-f32le,150528,3.4133333333333336,0.08079640933108019,0.489654541015625,0,0.011609977324263039,0.0
C05,mono-44100-f32le,146432,3.320453514739229,0.05894800673249331,0.2397918701171875,0,0.0,0.0
N01,mono-44100-f32le,214016,4.85297052154195,0.0942942484001734,0.84295654296875,0,0.17414965986394557,0.0
N02,mono-44100-f32le,221184,5.015510204081632,0.06893564185849543,0.9178314208984375,0,0.17414965986394557,0.0
N03,mono-44100-f32le,203776,4.620770975056689,0.03654468133162696,0.7416534423828125,0,0.17414965986394557,0.011609977324263039
N04,mono-44100-f32le,186368,4.2260317460317465,0.09054110825262332,0.830322265625,0,0.17414965986394557,0.011609977324263039
N05,mono-44100-f32le,214016,4.85297052154195,0.050012116388369,0.799346923828125,0,0.17414965986394557,0.0
N06,mono-44100-f32le,175104,3.9706122448979593,0.04345421063735196,0.87799072265625,0,0.18575963718820862,0.0
N07,mono-44100-f32le,245760,5.572789115646258,0.10150669925501202,0.8047637939453125,0,0.18575963718820862,0.0
N08,mono-44100-f32le,210944,4.783310657596372,0.11179599594541224,0.7986602783203125,0,0.19736961451247165,0.011609977324263039
N09,mono-44100-f32le,218112,4.9458503401360545,0.07005608200091903,0.7382965087890625,0,0.18575963718820862,0.011609977324263039
N10,mono-44100-f32le,228352,5.178049886621316,0.06719096920155185,0.6449737548828125,0,0.18575963718820862,0.011609977324263039
N11,mono-44100-f32le,235520,5.340589569160998,0.09725240953151201,0.872161865234375,0,0.18575963718820862,0.011609977324263039
N12,mono-44100-f32le,362496,8.219863945578231,0.053650548517749114,0.8974151611328125,0,0.18575963718820862,0.011609977324263039
P01,mono-44100-f32le,186368,4.2260317460317465,0.047580246335033265,0.664459228515625,0,0.18575963718820862,0.011609977324263039
P02,mono-44100-f32le,221184,5.015510204081632,0.044090101736651566,0.628448486328125,0,0.16253968253968254,0.0
P03,mono-44100-f32le,263168,5.9675283446712015,0.03462974774575715,0.509521484375,0,0.18575963718820862,0.0
P04,mono-44100-f32le,154624,3.5062131519274375,0.04144833171368878,0.5667877197265625,0,0.17414965986394557,0.011609977324263039
P05,mono-44100-f32le,206848,4.690430839002268,0.024776093398694046,0.199798583984375,0,0.18575963718820862,0.0
P06,mono-44100-f32le,179200,4.063492063492063,0.0488536834879959,0.6611175537109375,0,0.18575963718820862,0.011609977324263039
P07,mono-44100-f32le,164864,3.7384126984126986,0.03757857418353656,0.64019775390625,0,0.19736961451247165,0.011609977324263039
P08,mono-44100-f32le,172032,3.900952380952381,0.05555034984294394,0.636260986328125,0,0.18575963718820862,0.011609977324263039
P09,mono-44100-f32le,108544,2.461315192743764,0.05185566663300861,0.6065673828125,0,0.18575963718820862,0.011609977324263039
P10,mono-44100-f32le,118784,2.693514739229025,0.05301964738884015,0.48968505859375,0,0.17414965986394557,0.0
