"caseId","mode","trial","elapsedMilliseconds"
"N01","production_open","1","359.738"
"N01","production_open","2","258.845"
"N01","production_open","3","251.239"
"N01","diagnostic_spectrum","1","317.136"
"N01","diagnostic_spectrum","2","320.963"
"N01","diagnostic_spectrum","3","321.285"
"N07","production_open","1","358.056"
"N07","production_open","2","286.565"
"N07","production_open","3","283.346"
"N07","diagnostic_spectrum","1","548.23"
"N07","diagnostic_spectrum","2","442.435"
"N07","diagnostic_spectrum","3","371.487"
"N12","production_open","1","513.349"
"N12","production_open","2","410.961"
"N12","production_open","3","393.696"
"N12","diagnostic_spectrum","1","548.09"
"N12","diagnostic_spectrum","2","559.295"
"N12","diagnostic_spectrum","3","593.952"
