caseId,region,strategy,frames,correct,down,up,other,unvoiced,abstain
N07,stable,A_CURRENT,103,103,0,0,0,0,0
N07,stable,B_CMND,103,103,0,0,0,0,0
N07,stable,C_SPECTRAL,103,103,0,0,0,0,0
N07,stable,D_TEMPORAL,103,103,0,0,0,0,0
N07,stable,E_COMBINED,103,103,0,0,0,0,0
N07,stable,F_ABSTAIN,103,103,0,0,0,0,0
N07,stable,A_CURRENT,112,112,0,0,0,0,0
N07,stable,B_CMND,112,112,0,0,0,0,0
N07,stable,C_SPECTRAL,112,112,0,0,0,0,0
N07,stable,D_TEMPORAL,112,112,0,0,0,0,0
N07,stable,E_COMBINED,112,112,0,0,0,0,0
N07,stable,F_ABSTAIN,112,112,0,0,0,0,0
N08,stable,A_CURRENT,95,95,0,0,0,0,0
N08,stable,B_CMND,95,95,0,0,0,0,0
N08,stable,C_SPECTRAL,95,95,0,0,0,0,0
N08,stable,D_TEMPORAL,95,95,0,0,0,0,0
N08,stable,E_COMBINED,95,95,0,0,0,0,0
N08,stable,F_ABSTAIN,95,95,0,0,0,0,0
N08,stable,A_CURRENT,121,121,0,0,0,0,0
N08,stable,B_CMND,121,121,0,0,0,0,0
N08,stable,C_SPECTRAL,121,121,0,0,0,0,0
N08,stable,D_TEMPORAL,121,121,0,0,0,0,0
N08,stable,E_COMBINED,121,121,0,0,0,0,0
N08,stable,F_ABSTAIN,121,121,0,0,0,0,0
N09,stable,A_CURRENT,103,103,0,0,0,0,0
N09,stable,B_CMND,103,103,0,0,0,0,0
N09,stable,C_SPECTRAL,103,103,0,0,0,0,0
N09,stable,D_TEMPORAL,103,103,0,0,0,0,0
N09,stable,E_COMBINED,103,103,0,0,0,0,0
N09,stable,F_ABSTAIN,103,103,0,0,0,0,0
N09,stable,A_CURRENT,32,28,0,0,4,0,0
N09,stable,B_CMND,32,32,0,0,0,0,0
N09,stable,C_SPECTRAL,32,32,0,0,0,0,0
N09,stable,D_TEMPORAL,32,32,0,0,0,0,0
N09,stable,E_COMBINED,32,32,0,0,0,0,0
N09,stable,F_ABSTAIN,32,32,0,0,0,0,0
N10,stable,A_CURRENT,29,26,0,0,1,2,0
N10,stable,B_CMND,29,27,0,0,0,2,0
N10,stable,C_SPECTRAL,29,27,0,0,0,2,0
N10,stable,D_TEMPORAL,29,0,0,0,27,2,0
N10,stable,E_COMBINED,29,27,0,0,0,2,0
N10,stable,F_ABSTAIN,29,27,0,0,0,2,0
N10,stable,A_CURRENT,74,74,0,0,0,0,0
N10,stable,B_CMND,74,74,0,0,0,0,0
N10,stable,C_SPECTRAL,74,74,0,0,0,0,0
N10,stable,D_TEMPORAL,74,74,0,0,0,0,0
N10,stable,E_COMBINED,74,74,0,0,0,0,0
N10,stable,F_ABSTAIN,74,74,0,0,0,0,0
