"slice","strategy","total_frames","baseline_accepted","retained","correct_retained","wrong_retained","correct_rejected","wrong_rejected","octave_down_retained","octave_down_rejected","coverage_all_frames"
"previous_real_stable","A_PRODUCTION","3179","2751","2751","2415","336","0","0","318","0","0.865366467442592"
"previous_real_stable","B_RMS_010","3179","2751","2749","2415","334","0","2","316","2","0.8647373387857817"
"previous_real_stable","C_CONF_950","3179","2751","1988","1963","25","452","311","25","293","0.6253538848694558"
"previous_real_stable","D_CONSERVATIVE","3179","2751","1988","1963","25","452","311","25","293","0.6253538848694558"
"previous_real_stable","E_SPECTRAL_DISAGREE","3179","2751","2498","2411","87","4","249","79","239","0.7857816923560869"
"targeted_real_stable","A_PRODUCTION","594","587","587","587","0","0","0","0","0","0.9882154882154882"
"targeted_real_stable","B_RMS_010","594","587","587","587","0","0","0","0","0","0.9882154882154882"
"targeted_real_stable","C_CONF_950","594","587","553","553","0","34","0","0","0","0.930976430976431"
"targeted_real_stable","D_CONSERVATIVE","594","587","553","553","0","34","0","0","0","0.930976430976431"
"targeted_real_stable","E_SPECTRAL_DISAGREE","594","587","585","585","0","2","0","0","0","0.9848484848484849"
"video_pre","A_PRODUCTION","565","136","136","0","0","0","0","0","0","0.2407079646017699"
"video_pre","B_RMS_010","565","136","30","0","0","0","0","0","0","0.05309734513274336"
"video_pre","C_CONF_950","565","136","0","0","0","0","0","0","0","0.0"
"video_pre","D_CONSERVATIVE","565","136","0","0","0","0","0","0","0","0.0"
"video_pre","E_SPECTRAL_DISAGREE","565","136","136","0","0","0","0","0","0","0.2407079646017699"
"video_stable","A_PRODUCTION","406","406","406","285","121","0","0","121","0","1.0"
"video_stable","B_RMS_010","406","406","406","285","121","0","0","121","0","1.0"
"video_stable","C_CONF_950","406","406","360","239","121","46","0","121","0","0.8866995073891626"
"video_stable","D_CONSERVATIVE","406","406","360","239","121","46","0","121","0","0.8866995073891626"
"video_stable","E_SPECTRAL_DISAGREE","406","406","406","285","121","0","0","121","0","1.0"
"video_decay_uncertain","A_PRODUCTION","394","231","231","0","0","0","0","0","0","0.5862944162436549"
"video_decay_uncertain","B_RMS_010","394","231","211","0","0","0","0","0","0","0.5355329949238579"
"video_decay_uncertain","C_CONF_950","394","231","42","0","0","0","0","0","0","0.1065989847715736"
"video_decay_uncertain","D_CONSERVATIVE","394","231","42","0","0","0","0","0","0","0.1065989847715736"
"video_decay_uncertain","E_SPECTRAL_DISAGREE","394","231","169","0","0","0","0","0","0","0.4289340101522843"
"video_post_weak_truth","A_PRODUCTION","533","82","82","0","0","0","0","0","0","0.15384615384615385"
"video_post_weak_truth","B_RMS_010","533","82","39","0","0","0","0","0","0","0.07317073170731707"
"video_post_weak_truth","C_CONF_950","533","82","0","0","0","0","0","0","0","0.0"
"video_post_weak_truth","D_CONSERVATIVE","533","82","0","0","0","0","0","0","0","0.0"
"video_post_weak_truth","E_SPECTRAL_DISAGREE","533","82","82","0","0","0","0","0","0","0.15384615384615385"
