"sample","time","production_hz","production_confidence","rms","selected_hz","selected_cmnd","selected_F","selected_H2","selected_H3","selected_f_over_2","upper_candidate_hz","upper_candidate_cmnd","upper_F","upper_H2","upper_H3","upper_f_over_2","score_margin"
"92672","2.10140589569","164.982727051","0.990647614002","0.0723727494478","165.168539326","0.00935238214178","44.1366826433","91.5748337068","0.122434857554","0.355059019995","329.104477612","0.318231588894","91.7165052091","16.4726395167","1.20724531024","44.334442707","2.317647537170959"
"93184","2.11301587302","164.983276367","0.990501344204","0.0743151530623","165.168539326","0.0094986745367","40.920734837","91.889589055","0.077106038411","0.601190157062","331.578947368","0.355426014797","90.0610477303","15.7303919547","0.90104233442","40.8592335972","2.2629489123743465"
"93696","2.12462585034","164.981338501","0.990709781647","0.0814907103777","165.168539326","0.0092902163872","38.9482478472","91.8382173754","0.143313777223","0.883218487933","331.578947368","0.38326939288","89.8985815859","16.1977492956","0.791858899317","39.2544241801","2.1876268427624757"
"94208","2.13623582766","164.954620361","0.989968180656","0.0717810690403","165.168539326","0.0100318384953","40.5430202676","92.0557573121","0.174270863942","0.60409653944","331.578947368","0.375137064685","90.1654253828","16.3976234496","0.60770062675","40.7299478179","2.33348666287333"
"94720","2.14784580499","164.944046021","0.991081118584","0.0677539259195","165.168539326","0.00891887656202","44.3196608271","92.7831513276","0.197409670874","0.473305094882","331.578947368","0.338397930382","91.0213088218","16.2223544884","0.432710627967","44.0112156361","2.46291722305239"
"95232","2.15945578231","164.950057983","0.991680145264","0.0690204277635","165.168539326","0.00831984925578","46.6173243008","93.6207557635","0.169250694812","0.606988023567","331.578947368","0.328363663732","91.9359498781","15.745757433","0.417501504599","46.0666777584","2.4777083368815367"
"95744","2.17106575964","164.919128418","0.991424381733","0.0776745900512","165.168539326","0.00857564239518","45.7302928228","94.1997683629","0.15886724584","0.319382861029","331.578947368","0.36173556699","92.4662746349","15.0874861827","0.468242289815","45.4041570842","2.623036435135669"
"96256","2.18267573696","164.888275146","0.991956472397","0.0755811184645","165.168539326","0.00804353717615","43.4109441576","94.2803531465","0.133294169149","0.162383409271","331.578947368","0.410601093561","92.4500965199","14.4293677334","0.520327233955","43.4780191062","2.720260970492734"
"96768","2.19428571429","164.925048828","0.992032587528","0.0779511407018","165.168539326","0.0079674137235","42.8297165839","93.7714684143","0.0924981917075","0.535401567224","331.578947368","0.412903541724","91.9281012711","13.8715843285","0.54206185191","42.9606698948","2.5754546222524004"
"97280","2.20589569161","164.931427002","0.992772221565","0.0770685523748","165.168539326","0.00722777987515","44.8112933296","93.3499209276","0.0504838916172","0.545777899303","329.104477612","0.365597487856","93.4760129535","13.9793980058","0.451319780988","44.8139597483","2.5268165812325534"
"97792","2.21750566893","164.95980835","0.993340849876","0.0779254510999","165.168539326","0.0066591481301","46.9014136415","93.6179242084","0.16070700746","0.436080855132","329.104477612","0.329318275175","93.6589558532","13.4499732926","0.577422070039","47.1797632103","2.5835799618989697"
"98304","2.22911564626","164.955657959","0.993407964706","0.0803025737405","165.168539326","0.00659204739861","46.637850705","94.4120473942","0.339770388516","0.372325223478","329.104477612","0.326345450214","94.3751570938","13.1211433208","0.662479793444","46.8283124342","2.622184715528141"
"98816","2.24072562358","164.958358765","0.993721604347","0.0777648761868","165.168539326","0.00627840546084","44.289582845","95.4090574214","0.492254214867","0.557376715443","329.104477612","0.341131631142","95.295288866","12.7399098317","0.668836892709","44.1516029183","2.545063540874285"
"99328","2.25233560091","164.958755493","0.994020760059","0.0755857154727","165.168539326","0.00597924708288","42.0715756075","95.9851598687","0.563273170593","1.00599491996","329.104477612","0.355747374109","95.8906773314","12.3652801233","0.612207974753","41.7261610409","2.401394975686761"
"99840","2.26394557823","164.973403931","0.994106471539","0.0824512094259","165.168539326","0.0058935500615","42.1388870657","95.7303919211","0.545231343221","1.31267202099","329.104477612","0.333935043693","95.7091566696","12.1919558268","0.573164356495","41.9093840214","2.3008245609051943"
"100352","2.27555555556","164.981933594","0.994442999363","0.0741396769881","165.168539326","0.00555699923441","43.9379356443","95.0530376711","0.425570779031","0.926568277943","329.104477612","0.295839532685","95.0759418408","12.1990379178","0.626308391644","43.9797231213","2.355387382149014"
"100864","2.28716553288","164.991775513","0.994645297527","0.0750470161438","165.168539326","0.00535469302533","45.092761467","94.5264392003","0.333263681037","0.275218326906","329.104477612","0.284085559727","94.6186650038","12.4255458704","0.765089422703","45.2878638637","2.53460981374163"
"101376","2.2987755102","164.991638184","0.994346499443","0.0782037451863","165.168539326","0.00565347581704","44.4955332138","94.5139712093","0.367666977407","0.816286542959","329.104477612","0.293577625089","94.641671227","12.8390213738","0.894676197469","44.600095553","2.3288164573748995"
"101888","2.31038548753","164.992324829","0.994443237782","0.0791423693299","165.168539326","0.0055567799499","42.9063101639","95.0468926341","0.352949250658","0.938319769182","329.104477612","0.303308827091","95.1077623376","13.2794270507","0.918837311692","42.8129046555","2.2367957107246097"
"102400","2.32199546485","164.992599487","0.994265854359","0.0776984766126","165.168539326","0.00573411735817","41.5857684936","95.8865904646","0.223882286372","0.486500894125","329.104477612","0.304369501832","95.8311651035","13.7071871433","0.847470234999","41.4281735195","2.291170921250879"
"102912","2.33360544218","164.995956421","0.993534982204","0.0822029560804","165.168539326","0.00646501939292","41.3757707366","96.7815560892","0.129978353354","0.295930823686","329.104477612","0.292029584277","96.7042412125","14.0581523804","0.752389250612","41.3201634125","2.30449093316952"
"103424","2.3452154195","164.99822998","0.993157804012","0.080032415688","165.168539326","0.00684217518305","42.0146518138","97.9871500343","0.20767512849","0.886084932046","329.104477612","0.276497543383","98.0465191123","14.1714482244","0.739426178347","42.0923729986","2.1162561643894042"
"103936","2.35682539683","165.007507324","0.992959022522","0.0803320631385","165.168539326","0.00704100341826","42.7093049506","99.4588943202","0.238762585396","1.2469638577","329.104477612","0.277433399189","99.6877995563","14.0902091275","0.822120280357","42.7450412875","2.0420996297639524"
"104448","2.36843537415","164.972473145","0.993014276028","0.0822698399425","165.168539326","0.0069857190264","43.0565122923","100.63642977","0.259877353513","1.30345148618","331.578947368","0.286100723181","98.7105747409","13.2432875508","0.576164964267","43.022048936","2.143135511849414"
"104960","2.38004535147","164.963043213","0.993653535843","0.079304471612","165.168539326","0.00634648683759","43.3645267949","101.360025108","0.211765783737","1.42234333169","331.578947368","0.293906555109","99.477163993","13.2538640478","0.611536599806","43.3615573259","2.125905536380725"
"105472","2.3916553288","164.978179932","0.993648886681","0.0826352164149","165.168539326","0.00635112874861","43.9190455225","101.618325553","0.145774269961","1.31640127762","331.578947368","0.288580439107","99.7082173355","13.4298694884","0.710056988225","43.7707841296","2.1186101754987026"
"105984","2.40326530612","164.986175537","0.993917822838","0.0832567811012","165.168539326","0.00608216472163","44.2421563107","102.091525985","0.118147146252","0.712815179618","331.578947368","0.276516707341","100.164093261","13.7032332376","0.862073870651","43.9786372169","2.2164496004285805"
"106496","2.41487528345","164.979003906","0.993107378483","0.0859751403332","165.168539326","0.00689260912174","43.8933244378","103.371336719","0.16881811597","0.27617236352","329.104477612","0.277750019448","103.457025457","14.7706153557","1.06319389789","43.91228671","2.2804890521341226"
"107008","2.42648526077","164.972946167","0.993584990501","0.0916475579143","165.168539326","0.00641503284843","43.6088997391","105.361493384","0.367072614754","0.826939556792","329.104477612","0.296683278616","105.424923881","14.9681586804","1.19743854313","43.4176031687","2.1359952107056457"
"107520","2.4380952381","164.97303772","0.994122624397","0.0883775725961","165.168539326","0.00587737442978","44.5547187973","107.452430047","0.545183877611","0.87748986112","329.104477612","0.301119074072","107.557969925","15.4052162771","1.30417321623","44.3697606348","2.1590297513669343"
"108032","2.44970521542","164.98274231","0.994342684746","0.0819246396422","165.168539326","0.00565732977838","46.4023424202","109.014572438","0.543355862359","0.994196946704","329.104477612","0.287572985817","109.220059914","16.2243499506","1.29984605938","46.5229575667","2.1329334081115654"
"108544","2.46131519274","165.000183105","0.994548916817","0.0830853655934","165.168539326","0.00545106216603","47.5022451431","109.745208988","0.530871452199","1.38928733931","329.104477612","0.269255526718","109.979434161","17.2198925109","1.19238762923","47.8561987747","2.0213877425281632"
"109056","2.47292517007","164.990997314","0.993703663349","0.0824789777398","165.168539326","0.00629635600406","46.4530074307","109.546767518","0.648393870903","1.24822998404","329.104477612","0.26734823054","109.716576355","18.1041378541","1.07867695978","46.70493137","2.0221001586228455"
"109568","2.48453514739","164.994766235","0.99342495203","0.0829245820642","165.168539326","0.00657502110315","43.7083434591","108.495280485","0.757674482174","0.52490597246","329.104477612","0.297678743507","108.727925901","18.6566428514","1.08333991816","43.5537390407","2.1879832215810047"
"110080","2.49614512472","164.984024048","0.99363720417","0.0822665467858","165.168539326","0.00636278451473","41.9500216148","106.616281743","0.694754566409","0.519094344091","331.578947368","0.324596189118","104.432518186","17.3602977832","0.99532454646","42.1610939349","2.2552189066018906"
"110592","2.50775510204","164.998748779","0.993792533875","0.0781134590507","165.168539326","0.00620746880426","43.1908383509","104.433391103","0.477285842331","1.01343853588","331.578947368","0.305951125032","102.16168745","17.3985774634","1.0822402908","43.152809561","2.082707111967468"
"111104","2.51936507937","165.002166748","0.993959128857","0.0731242150068","165.168539326","0.00604085320127","45.6557235054","102.645306768","0.155369375398","1.33793261617","331.578947368","0.283368814683","100.297929715","17.4912081597","1.0816581814","45.2334244171","1.9862569596206532"
"111616","2.53097505669","165.019302368","0.993493020535","0.0833651721478","165.168539326","0.00650700619853","46.3753824456","101.566477597","0.209564418355","1.22920598121","331.578947368","0.283058210064","99.2081924276","17.6976154707","0.976910663373","45.8678111842","2.0550368368510226"
"112128","2.54258503401","164.984420776","0.993230342865","0.0853781327605","165.168539326","0.00676968674324","44.7425120354","101.580984056","0.309172736929","0.673749137013","331.578947368","0.314408423508","99.323393619","17.9182190793","0.826788001273","44.5309278779","2.2435421630028047"
"112640","2.55419501134","164.96194458","0.993430674076","0.0818650647998","165.168539326","0.006569311263","42.8570571022","102.515581039","0.230824617806","0.24624210577","331.578947368","0.344317266297","100.402709781","18.1260127602","0.728123799356","42.9859122513","2.3786985066779365"
"113152","2.56580498866","164.97567749","0.99397611618","0.0844621807337","165.168539326","0.0060239120609","43.1552022088","103.575810973","0.208676134931","0.424414442332","329.104477612","0.333533529691","103.827786275","20.0978413167","1.09134738398","42.9219908278","2.168038320820153"
"113664","2.57741496599","164.962127686","0.994777262211","0.0863446369767","165.168539326","0.00522275174123","45.3466616506","104.294122788","0.367741629284","0.332294534975","329.104477612","0.288806609035","104.524097081","20.4629369146","1.15125582943","45.5620922545","2.2033119777068926"
"114176","2.58902494331","164.976791382","0.994931936264","0.0824134871364","165.168539326","0.00506805088307","46.6052164602","105.022041545","0.424012295286","0.228843318026","329.104477612","0.261562058922","105.335081538","20.7527915813","1.13517004316","47.0405092518","2.233006233789158"
"114688","2.60063492063","164.980072021","0.994155406952","0.0851765796542","165.168539326","0.00584458040102","45.049015394","105.872931914","0.361991511083","0.247938377699","329.104477612","0.268453176062","106.264206918","20.9869811486","1.05567415283","45.2709589342","2.1738204395298806"
"115200","2.61224489796","164.962295532","0.994483172894","0.0898271352053","165.168539326","0.00551683879136","41.8376300612","106.504187977","0.333123717819","0.568737806738","329.104477612","0.290014477886","106.860572239","21.0958764885","0.997764585426","41.6045405556","1.986360946321713"
"115712","2.62385487528","164.975143433","0.994597613811","0.0871933624148","165.168539326","0.00540240932676","40.1166416731","106.943658854","0.309013118314","0.809671391027","329.104477612","0.28582910156","107.274087993","21.1132788353","1.02485098656","39.7194237586","1.833040354945517"
"116224","2.63546485261","164.987762451","0.994985997677","0.0856971517205","165.168539326","0.0050140261877","41.2885713395","107.13946588","0.214909071092","0.612452067385","329.104477612","0.257736012891","107.456819316","21.181593356","1.08305411052","41.1794749071","1.8529855560295516"
"116736","2.64707482993","164.987670898","0.995109736919","0.0834101065993","165.168539326","0.00489023818765","43.6249447549","107.166582045","0.103083627218","0.477502526276","329.104477612","0.240028650968","107.451427744","21.321118019","1.10141982334","43.8210089226","1.916373027159925"
"117248","2.65868480726","164.995895386","0.994400084019","0.0798887610435","165.168539326","0.00559991455054","44.7646780425","107.249048114","0.23673055938","0.969566253347","329.104477612","0.234704224966","107.527952317","21.5023898474","1.04193204517","45.0117352353","1.8303052254257963"
"117760","2.67029478458","165.00831604","0.994661211967","0.085179425776","165.168539326","0.00533879889145","43.8667749524","107.213735881","0.377109367412","0.954426590327","329.104477612","0.26208899576","107.480456506","21.6585405788","0.95572470532","43.9194952057","1.892107611607659"
"118272","2.6819047619","164.985366821","0.99411034584","0.0771662965417","165.168539326","0.00588964306671","42.4599749698","106.585730754","0.476218946531","0.540290014509","329.104477612","0.288657919857","106.752678519","21.6225609001","0.941964416649","42.3044322836","2.0367966762426617"
"118784","2.69351473923","164.998687744","0.994558513165","0.0831479951739","165.168539326","0.00544151591549","42.5576124364","105.157503853","0.526253861246","0.639125784392","329.104477612","0.278873301527","105.237973793","21.2680288769","1.02279146074","42.4549292758","2.004517475465312"
"119296","2.70512471655","165.001617432","0.994737446308","0.0841572731733","165.168539326","0.00526252639891","44.1295780657","103.672934188","0.56721690477","0.574173699958","329.104477612","0.262731468163","103.73700567","20.7311277867","1.1466657794","44.2170469265","2.059288903700449"
"119808","2.71673469388","164.991043091","0.99352657795","0.0821559727192","165.168539326","0.00647341385385","45.3568106919","102.698771973","0.64318143897","0.614917639392","329.104477612","0.255322385374","102.847582639","20.1792272971","1.21624297294","45.5721347668","2.091441033330617"
"120320","2.7283446712","165.000442505","0.993342161179","0.0834071263671","165.168539326","0.00665781488188","44.8260058388","102.439982396","0.59170146173","1.0517153952","329.104477612","0.261401168765","102.729813244","19.6975680599","1.23840469903","44.9909666108","1.9666809790376787"
"120832","2.73995464853","164.97366333","0.992318689823","0.0885924845934","165.168539326","0.00768128687519","43.0462768704","102.670924411","0.419354642381","0.903781606599","329.104477612","0.29105749502","103.028584973","19.2848474274","1.30065976239","42.969975663","1.9720852773547959"
"121344","2.75156462585","164.975372314","0.992143750191","0.0805246680975","165.168539326","0.00785624967178","42.0214549964","102.828582639","0.215356981651","0.829717378353","331.578947368","0.29461916493","100.771844268","17.5030565758","1.24862794703","41.9863039231","1.999433388098296"
"121856","2.76317460317","164.988540649","0.992100477219","0.0821614190936","165.168539326","0.00789952359066","42.5460215966","102.369828413","0.10322810731","1.14019553086","329.104477612","0.272388429519","102.702739245","18.31596676","1.59302431904","42.5563247146","1.7928909407530438"
"122368","2.7747845805","164.991226196","0.991886377335","0.0805478766561","165.168539326","0.00811365168694","43.5206602848","101.400224385","0.203368776598","0.997656356804","329.104477612","0.250194493137","101.643944095","17.9122020928","1.60626027278","43.7106203107","1.8543100262350518"
"122880","2.78639455782","164.98348999","0.991275548935","0.0752686336637","165.168539326","0.0087244350157","43.2975397908","100.581365114","0.344491945012","0.512261167616","329.104477612","0.252972991359","100.582984083","17.8752514986","1.47915632172","43.4608005558","2.0375798886517185"
"123392","2.79800453515","164.978942871","0.990707218647","0.0842188745737","165.168539326","0.00929279551619","41.768799933","99.834466747","0.43235708462","0.721984038767","329.104477612","0.285813783044","99.6235218608","18.1077037269","1.33377262814","41.635075691","2.0117180085984137"
"123904","2.80961451247","164.974746704","0.991051256657","0.0757277086377","165.168539326","0.0089487544465","40.7613245003","98.9318339465","0.451770029838","0.873600372772","329.104477612","0.314584118271","98.6945809628","18.3880370806","1.28217733354","40.4480413405","1.996248844932941"
"124416","2.8212244898","164.973831177","0.991469562054","0.0751671493053","165.168539326","0.00853045283702","41.7453667453","97.9248460117","0.428175929556","0.60172485418","329.104477612","0.307353603553","97.8617592706","18.6118950722","1.37698414481","41.7193335423","2.0827233262389964"
"124928","2.83283446712","164.992858887","0.992175161839","0.0746394768357","165.168539326","0.00782481778705","43.7341810908","97.2132474711","0.364067468142","0.440134629083","329.104477612","0.275429397469","97.3248049091","18.7581854166","1.5332122695","44.0690569612","2.1164327069922755"
"125440","2.84444444444","164.977401733","0.991761922836","0.0807801708579","165.168539326","0.00823808900965","44.2259948742","97.1576450498","0.203107419268","0.150379948242","329.104477612","0.274673949969","97.1689672145","18.8243453824","1.62611389435","44.5777856418","2.202200359416145"
"125952","2.85605442177","164.978485107","0.991233825684","0.0830726101995","165.168539326","0.00876616003275","42.7699794843","98.0426536153","0.252612508173","0.485775318444","329.104477612","0.311788986536","97.9032151973","18.8867350934","1.57070365486","42.7458566564","2.105093936772805"
"126464","2.86766439909","164.978088379","0.992230176926","0.081432916224","165.168539326","0.00776980369309","41.3243235183","99.472437484","0.492641562599","0.941261575826","331.578947368","0.35265007875","97.9140080029","17.6447186533","1.34295547135","41.5405108962","2.1138748290509444"
"126976","2.87927437642","164.994644165","0.992885768414","0.0781277492642","165.168539326","0.00711424081511","42.1345702963","100.522001807","0.604413384953","0.876678581189","331.578947368","0.347873396714","98.8396361304","17.5858025267","1.20280919779","42.2047366015","2.1801961022077356"
"127488","2.89088435374","165.012084961","0.993532717228","0.0743043273687","165.168539326","0.00646727552276","44.7003261978","100.737397456","0.53571185238","0.788825027047","331.578947368","0.310151360854","98.9657916898","17.5184346397","1.00971138968","44.3368226704","2.2254906989528718"
"128000","2.90249433107","165.017807007","0.993174493313","0.0740573480725","165.168539326","0.00682548043259","46.1360145189","99.8091616821","0.39555332433","0.851789662154","331.578947368","0.290349950552","98.0525355042","17.4815704435","0.907525752199","45.585636447","2.2071043697479156"
"128512","2.91410430839","165.008605957","0.991998016834","0.0834956690669","165.168539326","0.00800197059797","44.7436591546","97.8612041188","0.343507434636","0.73145854682","331.578947368","0.304906866975","96.1457195018","17.4740691026","0.892443413778","44.4099195515","2.227062201666853"
"129024","2.92571428571","164.997070312","0.992094695568","0.0852151140571","165.168539326","0.00790530681113","42.0353014709","95.8816562965","0.287004143179","0.616638732322","331.578947368","0.348005632022","94.1418631396","17.5758410172","0.898231600526","42.1160325921","2.257287980582317"
"129536","2.93732426304","164.997467041","0.991746664047","0.0807711482048","165.168539326","0.00825333026794","41.2149245143","94.821612354","0.154428266672","0.583833402553","331.578947368","0.348893799818","93.0171584547","17.9393178818","0.932909633793","41.3642298374","2.205574369478684"
"130048","2.94893424036","165.005905151","0.992602348328","0.0785101950169","165.168539326","0.00739764717833","43.0644183992","94.8256274218","0.190025528402","0.337124138769","329.104477612","0.310481446103","95.0489649922","19.8840589861","1.04676758276","43.0693914414","2.200784525111257"
"130560","2.96054421769","165.000900269","0.99263459444","0.0754419788718","165.168539326","0.00736542630988","45.3510446736","95.7192177587","0.386773633253","0.366824318591","329.104477612","0.285792449602","95.9667988344","20.2804164147","1.13542848708","45.637021509","2.232772152619357"
"131072","2.97215419501","165.004135132","0.99156421423","0.0780305042863","165.168539326","0.00843577704275","45.7146524314","96.5749418108","0.432009001735","0.129677375663","329.104477612","0.289705625798","96.7730134488","20.5126683803","1.16471903641","45.9784109283","2.3405133102378133"
"131584","2.98376417234","164.999450684","0.991471230984","0.0813594460487","165.168539326","0.00852876174173","44.1393464795","96.6020995046","0.495577484918","0.142155667071","329.104477612","0.315450806797","96.6816793311","20.5353857837","1.10293642206","44.1127039332","2.350402823090736"
"132096","2.99537414966","164.989105225","0.991416275501","0.0767443403602","165.168539326","0.00858372291187","42.6296701105","95.9250723624","0.684300536568","0.430077958847","329.104477612","0.33327774347","95.92955092","20.5158610916","1.01485829503","42.3787681044","2.2650359009491243"
"132608","3.00698412698","165.001480103","0.992730379105","0.0754668489099","165.168539326","0.00726964617587","42.7932093043","95.0556619732","0.866944698153","0.819382656863","329.104477612","0.313833004295","95.1407413684","20.6666165189","1.02332614245","42.6641473332","2.1402750609277166"
"133120","3.01859410431","165.001251221","0.993109345436","0.0763300061226","165.168539326","0.00689065911982","43.9224764636","94.2900120014","0.877604035163","1.20553549099","329.104477612","0.304915838109","94.4747767687","21.0229584622","1.15869142683","43.9759986537","2.047249183921761"
"133632","3.03020408163","165.013397217","0.992398142815","0.0753471776843","165.168539326","0.00760185486277","44.68577838","93.8678750208","0.696440823698","0.985408892737","331.578947368","0.302816372479","92.0251704814","19.7854403411","1.08941736406","44.375247661","2.150944896333284"
"134144","3.04181405896","165.015853882","0.99177634716","0.0762751251459","165.168539326","0.00822363782589","44.3673056988","93.8501191037","0.584938340512","0.345151436373","331.578947368","0.316544680832","91.9940382059","20.0208212315","1.04888495803","44.0953678006","2.344239578286343"
"134656","3.05342403628","165.001312256","0.99019318819","0.0752594321966","165.168539326","0.00980683134161","43.6398686082","93.8282598505","0.594588924548","0.621297039999","331.578947368","0.346167792185","92.0821934413","20.2589896729","1.00731312449","43.4967281005","2.2840595209950796"
"135168","3.06503401361","165.026229858","0.990886688232","0.0704420804977","165.168539326","0.00911334032337","43.4435102107","93.7999195928","0.493451391402","1.28352027553","331.578947368","0.336072037314","92.1790802493","20.4562596062","0.960582368683","43.2691402514","2.0707360356605475"
"135680","3.07664399093","165.05418396","0.990737080574","0.0786938741803","165.168539326","0.00926290764894","43.4737838239","93.5674861391","0.259333204399","1.35652756214","331.578947368","0.318535865328","91.9590229163","20.5798290055","0.908581289989","43.1928181455","1.9818064739246348"
"136192","3.08825396825","165.051559448","0.990858256817","0.0747377872467","165.168539326","0.00914174919592","43.1010606881","93.2767283886","0.121741258758","0.742233944326","331.578947368","0.311171561714","91.5688712407","20.6078084345","0.860931377502","42.8014325234","2.0848807965135574"
"136704","3.09986394558","165.057510376","0.99088037014","0.0775413811207","165.168539326","0.00911962840416","42.2112297584","93.2389808089","0.314806248954","0.870836911737","331.578947368","0.301129994302","91.3789914424","20.5519012734","0.844785591326","42.0025486564","2.044674804837894"
"137216","3.1114739229","165.038543701","0.989493906498","0.0870824158192","165.168539326","0.010506089151","41.2814880573","93.5208709906","0.449391371226","1.14669492253","329.104477612","0.312370687323","93.8604110786","22.2895524074","1.15826416239","41.0922474701","1.8845069445055884"
"137728","3.12308390023","165.021179199","0.989217698574","0.0796073004603","165.168539326","0.0107822825326","41.3762605712","94.1362478964","0.502488984099","0.847991748977","329.104477612","0.322813942665","94.436036837","22.2908838212","1.09028193995","41.1336290487","1.9966487686064522"
"138240","3.13469387755","165.023757935","0.98887693882","0.0766527503729","165.168539326","0.0111230825516","42.4556870439","94.7157466273","0.517433012444","0.312409836905","329.104477612","0.297537642379","94.983157763","22.283785969","1.02588288588","42.5003168719","2.1654161362185613"
"138752","3.14630385488","165.021652222","0.990330755711","0.0780468434095","165.168539326","0.009669261728","43.0879248367","94.9553109551","0.445406805339","0.574319702109","329.104477612","0.286050055675","95.1930033146","22.1344714856","1.07718667059","43.3719738765","2.0626067943795654"
"139264","3.1579138322","165.011566162","0.990979135036","0.0773411467671","165.168539326","0.00902087528373","42.6336457176","94.8195807819","0.250623170799","1.14113133095","329.104477612","0.287301009441","94.993604408","22.0124890321","1.19495880296","42.9044809984","1.8510329275794928"
"139776","3.16952380952","165.004119873","0.989989757538","0.0798900276423","165.168539326","0.0100102171605","41.7207357707","94.5476199609","0.293966165722","1.2192057807","329.104477612","0.302846926931","94.6586139749","22.0850769245","1.24449901874","41.7029683866","1.8306582312280941"
"140288","3.18113378685","164.986343384","0.98956400156","0.0767073705792","165.168539326","0.0104360134972","41.5682259214","94.1500966484","0.442181536255","1.13993423167","329.104477612","0.33687507356","94.1767229168","22.2582661569","1.19345800124","41.2787636204","1.9395726417054195"
"140800","3.19274376417","164.98739624","0.990097761154","0.0702767372131","165.168539326","0.00990226226627","42.9767500271","93.6718551427","0.512086820065","0.922743860672","331.578947368","0.336862219875","92.0929753558","20.5031145236","1.08526676437","42.8751757518","2.1285379471347445"
"141312","3.2043537415","164.997741699","0.991581618786","0.06929063797","165.168539326","0.00841839990735","44.7877932916","93.3509840052","0.467836078691","0.833767818872","331.578947368","0.307545814158","91.6876332198","20.2968656481","1.18659448321","44.3230377945","2.141350538388508"
"141824","3.21596371882","165.006851196","0.992351531982","0.0714058354497","165.168539326","0.00764844873247","44.6674307682","93.1418592362","0.357589014797","0.869876614177","331.578947368","0.312476370322","91.449167381","19.824072927","1.26356195792","44.147105922","2.1229483551864776"
"142336","3.22757369615","164.973312378","0.992714464664","0.0755546540022","165.168539326","0.00728551261404","42.6150678169","93.1395189031","0.212172337826","0.455367724016","329.104477612","0.331400471372","93.1649792464","20.9290883119","1.62600457112","42.659508247","2.114385108736813"
"142848","3.23918367347","164.96635437","0.992116093636","0.0751964002848","165.168539326","0.00788388863986","40.5056480271","93.3501360033","0.047592906981","0.472162921791","329.104477612","0.352679353297","93.4017314751","20.4087765369","1.63033983953","40.1364269795","2.044393077683416"
"143360","3.25079365079","164.982421875","0.992413818836","0.0745192989707","165.168539326","0.00758617316363","40.213910171","93.2953394474","0.176177397974","0.752915670018","331.578947368","0.359242638701","91.5096514455","18.4197986698","1.40770420957","40.3513957598","2.086156951340936"
"143872","3.26240362812","165.005447388","0.993573248386","0.0737164765596","165.168539326","0.00642678131993","41.8205539173","92.8076767136","0.253766737631","0.266640399611","329.104477612","0.321445216589","93.1597107289","19.5118729675","1.42548962298","41.9480914039","2.1990259364256572"
"144384","3.27401360544","165.027420044","0.994316339493","0.0726326182485","165.168539326","0.00568368590065","42.9520239232","92.1752874145","0.215212116058","0.587764035923","329.104477612","0.290583207954","92.509471446","18.9668292079","1.44383459271","43.3503915067","2.0752750331373564"
"144896","3.28562358277","165.022567749","0.993585109711","0.0768289268017","165.168539326","0.00641488413241","42.1128252171","91.3665527818","0.147897542809","1.21349490928","329.104477612","0.316862263316","91.5253623584","18.3807897356","1.46434231694","42.3490645456","1.9343317685545305"
"145408","3.29723356009","165.018081665","0.993969798088","0.0775046274066","165.168539326","0.00603023072876","40.5585216958","90.2714270731","0.0552528792397","1.24790913447","329.104477612","0.34288269023","90.2736374447","17.9048077376","1.42386171624","40.3732286659","1.9225776312906668"
"145920","3.30884353741","165.02684021","0.993937551975","0.0734670683742","165.168539326","0.00606243325981","40.5017497495","89.0190466467","0.0950724083324","0.858137425024","373.728813559","0.556041129558","0.141613853806","0.178228711461","0.0448239537156","0.793354338343","3.157570410044589"
"146432","3.32045351474","165.029953003","0.994056344032","0.0725959166884","165.168539326","0.00594365814168","42.5174043756","87.7410357826","0.227548604641","0.401346251593","373.728813559","0.558262745464","0.289497395278","0.0858474406812","0.0538409354637","0.600540187843","3.581687306780804"
"146944","3.33206349206","165.032455444","0.993859529495","0.0711924135685","165.168539326","0.00614044531126","44.6644399587","86.678023947","0.305741420199","0.456249286192","373.728813559","0.568094581837","0.681006501347","0.10427620746","0.0299901302443","0.389230989609","3.5127578368136194"
"147456","3.34367346939","165.022994995","0.993788599968","0.0730762258172","165.168539326","0.00621137418221","45.0338100058","85.9595552815","0.281644818321","1.12015809365","329.104477612","0.329432692246","85.7960046481","17.4875816801","1.13703638752","45.2663954471","2.2000737982423053"
"147968","3.35528344671","165.021377563","0.993466317654","0.0686185732484","165.168539326","0.00653369576012","43.7412338628","85.3725299398","0.398392002848","1.55247849288","329.104477612","0.350587820986","85.0834233783","17.6089474151","1.16054789384","43.8109918854","2.125135107385276"
"148480","3.36689342404","165.002258301","0.994317471981","0.0731404870749","165.168539326","0.00568254538738","42.3453187698","84.6971802743","0.645174662962","1.59999650028","329.104477612","0.364450667805","84.3110473437","17.6652383586","1.11726430174","42.2400246744","2.1450681811522605"
"148992","3.37850340136","165.000900269","0.994204699993","0.0742285698652","165.168539326","0.00579532393622","42.4303681174","84.0329758968","0.757981155807","1.26965348335","329.104477612","0.357276846439","83.6985359058","17.6235257","1.04320661733","42.3439284781","2.231511557939398"
"149504","3.39011337868","164.998519897","0.994085967541","0.0709544345737","165.168539326","0.00591400608847","43.6417866285","83.6324580424","0.730148860902","1.01474267394","329.104477612","0.33383433046","83.4209596156","17.4691901784","1.04026055674","43.7293898031","2.2886543652975493"
"150016","3.40172335601","164.986358643","0.993333876133","0.0698688551784","165.168539326","0.00666612995148","44.1983356258","83.7831513352","0.646859846084","0.705967561221","329.104477612","0.327338950376","83.7063743832","17.1847903014","1.1318125498","44.3802233167","2.358917117612909"
"150528","3.41333333333","164.987289429","0.993334412575","0.0715840682387","165.168539326","0.00666558763488","43.2784038459","84.2518586203","0.575749264248","0.661979788316","329.104477612","0.343043892045","84.2583279013","16.8669487333","1.21544376964","43.3561368531","2.355836851909514"
"151040","3.42494331066","164.982162476","0.993342041969","0.0702228024602","165.168539326","0.00665797648625","41.6771898037","84.4944359852","0.529945727148","1.31197757071","329.104477612","0.344465968427","84.5295317581","16.6524046167","1.24455928378","41.577927802","2.1300056290910403"
"151552","3.43655328798","164.985458374","0.99257349968","0.074187733233","165.168539326","0.00742651884967","40.4374534872","84.3913505503","0.477525485075","1.57520906524","329.104477612","0.341087694734","84.464676293","16.5194644536","1.17269235297","40.2676197147","2.026044621475169"
"152064","3.44816326531","165.002471924","0.992418169975","0.0709313824773","165.168539326","0.00758184166628","40.4115889877","84.221387655","0.392588171024","1.43711636407","329.104477612","0.340066516327","84.3096127384","16.4474095764","1.10425497539","40.3449416314","2.0476415121580915"
"152576","3.45977324263","165.01701355","0.99002289772","0.0670378953218","165.168539326","0.00997707285555","41.2188070529","83.9919368602","0.228097874599","1.1186273258","331.578947368","0.31860054197","82.5156434756","15.6503101168","1.10314671846","40.9304421466","2.1082723627863746"
"153088","3.47138321995","165.026824951","0.989498198032","0.0750952586532","165.168539326","0.0105018264296","41.4268013073","83.8428594548","0.0658799006824","0.426655835103","329.104477612","0.323403217457","83.8394615472","16.756950402","1.33704841304","41.524808474","2.2159394029420123"
"153600","3.48299319728","165.02456665","0.988847196102","0.0699746981263","165.168539326","0.0111527908065","40.931380282","83.9685462045","0.293272645642","0.574697442748","373.728813559","0.576547211195","0.928238561193","0.153209419062","0.165724329246","1.09372891562","3.2784425108344055"
"154112","3.4946031746","165.033981323","0.988484442234","0.0685218945146","165.168539326","0.0115155679827","40.5558373626","84.1915982295","0.549838708226","1.35891042205","373.728813559","0.563307794725","0.512070142765","0.322290229756","0.18006593337","1.82592653048","2.635873319411305"
