"case_id","family","expected_hz","window_frames","A_retained","B_RMS_010_retained","C_CONF_950_retained","D_conservative_retained","median_voiced_hz","median_voiced_confidence","median_rms"
"Q001","digital_silence","0.0","52","0","0","0","0","NaN","NaN","0.0"
"Q002","low_seeded_white_noise","0.0","52","0","0","0","0","NaN","NaN","0.00115111598279"
"Q003","stronger_seeded_white_noise","0.0","52","0","0","0","0","NaN","NaN","0.00688099721447"
"Q004","low_frequency_noise","0.0","52","0","0","0","0","NaN","NaN","0.00482424953952"
"Q005","room_like_periodic_background","0.0","52","52","0","52","0","147.035186768","0.990151107311","0.00573133956641"
"Q006","impulse","0.0","52","0","0","0","0","NaN","NaN","0.0"
"Q007","weak_legitimate_tone","329.628","52","52","0","52","0","329.6355896","0.999950826168","0.00424276292324"
"Q008","quiet_legitimate_tone","329.628","52","52","16","52","16","329.6355896","0.999950826168","0.00989978015423"
"Q009","normal_legitimate_tone","329.628","52","52","52","52","52","329.6355896","0.999950826168","0.0848552584648"
"Q010","decaying_tone","329.628","52","36","15","36","15","329.639129639","0.999837219715","0.00529107218608"
"Q011","harmonic_rich_decay","329.628","52","39","18","39","18","329.636047363","0.999789357185","0.0064581008628"
"Q012","decay_plus_noise","329.628","52","28","9","23","9","329.86428833","0.98464435339","0.00320643256418"
"Q013","decay_plus_subharmonic","329.628","52","52","11","49","8","164.816299438","0.999706089497","0.00631510233507"
