"case_id","region","start_seconds","end_seconds","expected_midi_evaluation_only","source","quality"
"N01","STABLE","1.3","2.5","53.0","prior_frozen_annotation","provisional"
"N02","STABLE","1.1","2.3","65.0","prior_frozen_annotation","provisional"
"N03","STABLE","1.3","1.65","77.0","prior_frozen_annotation","provisional"
"N04","STABLE","1.1","2.6","52.0","prior_frozen_annotation","provisional"
"N05","STABLE","1.02","1.43","64.0","prior_frozen_annotation","provisional"
"N06","STABLE","1.07","1.55","76.0","prior_frozen_annotation","provisional"
"N07","STABLE","1.35","2.55","53.0","prior_frozen_annotation","provisional"
"N07","TRANSITION","2.7","3.02","","prior_frozen_annotation","provisional"
"N07","STABLE","3.05","4.35","65.0","prior_frozen_annotation","provisional"
"N08","STABLE","1.2","2.3","65.0","prior_frozen_annotation","provisional"
"N08","TRANSITION","2.55","3.02","","prior_frozen_annotation","provisional"
"N08","STABLE","3.05","4.45","53.0","prior_frozen_annotation","provisional"
"N09","STABLE","1.15","2.35","65.0","prior_frozen_annotation","provisional"
"N09","TRANSITION","2.7","3.02","","prior_frozen_annotation","provisional"
"N09","STABLE","3.05","3.42","77.0","prior_frozen_annotation","provisional"
"N10","STABLE","1.33","1.67","77.0","prior_frozen_annotation","provisional"
"N10","TRANSITION","2.95","3.22","","prior_frozen_annotation","provisional"
"N10","STABLE","3.25","4.1","65.0","prior_frozen_annotation","provisional"
"N11","STABLE","1.05","2.3","65.0","prior_frozen_annotation","provisional"
"N11","ATTACK","2.9","3.25","","prior_frozen_annotation","provisional"
"N11","STABLE","3.3","4.7","65.0","prior_frozen_annotation","provisional"
"N12","STABLE","1.25","2.5","65.0","prior_frozen_annotation","provisional"
"N12","RELEASE","2.7","3.3","","prior_frozen_annotation","provisional"
"N12","BACKGROUND","3.4","8.1","","prior_frozen_annotation","provisional"
"P01","STABLE_DIAGNOSTIC","1.75","2.36","65.0","prior_frozen_annotation","previous_diagnostic"
"P01","STABLE_DIAGNOSTIC","2.85","3.46","64.0","prior_frozen_annotation","previous_diagnostic"
"P02","STABLE_DIAGNOSTIC","1.75","2.25","65.0","prior_frozen_annotation","previous_diagnostic"
"P02","STABLE_DIAGNOSTIC","2.85","4.1","64.0","prior_frozen_annotation","previous_diagnostic"
"P03","STABLE_DIAGNOSTIC","2.7","3.55","65.0","prior_frozen_annotation","previous_diagnostic"
"P03","STABLE_DIAGNOSTIC","3.55","4.65","64.0","prior_frozen_annotation","previous_diagnostic"
"P04","STABLE_DIAGNOSTIC","1.25","1.88","65.0","prior_frozen_annotation","previous_diagnostic"
"P04","STABLE_DIAGNOSTIC","1.85","2.25","64.0","prior_frozen_annotation","previous_diagnostic"
"P05","STABLE_DIAGNOSTIC","1.6","2.55","65.0","prior_frozen_annotation","previous_diagnostic"
"P05","STABLE_DIAGNOSTIC","2.55","3.2","64.0","prior_frozen_annotation","previous_diagnostic"
"P06","STABLE_DIAGNOSTIC","1.35","2.05","65.0","prior_frozen_annotation","previous_diagnostic"
"P06","STABLE_DIAGNOSTIC","2.4","3.4","64.0","prior_frozen_annotation","previous_diagnostic"
"P07","STABLE_DIAGNOSTIC","1.45","1.85","65.0","prior_frozen_annotation","previous_diagnostic"
"P07","STABLE_DIAGNOSTIC","2.05","2.55","65.0","prior_frozen_annotation","previous_diagnostic"
"P08","STABLE_DIAGNOSTIC","1.55","2.12","64.0","prior_frozen_annotation","previous_diagnostic"
"P08","STABLE_DIAGNOSTIC","2.2","2.8","64.0","prior_frozen_annotation","previous_diagnostic"
"P09","STABLE_DIAGNOSTIC","1.3","1.8","62.0","prior_frozen_annotation","previous_diagnostic"
"P10","STABLE_DIAGNOSTIC","0.72","1.35","62.0","prior_frozen_annotation","previous_diagnostic"
"C01","STABLE_DIAGNOSTIC","0.35","0.7","60.0","prior_frozen_annotation","previous_diagnostic"
"C01","STABLE_DIAGNOSTIC","0.91","0.99","62.0","prior_frozen_annotation","previous_diagnostic"
"C01","STABLE_DIAGNOSTIC","1.17","1.32","64.0","prior_frozen_annotation","previous_diagnostic"
"C01","STABLE_DIAGNOSTIC","1.46","1.68","65.0","prior_frozen_annotation","previous_diagnostic"
"C01","STABLE_DIAGNOSTIC","1.88","2.05","64.0","prior_frozen_annotation","previous_diagnostic"
"C01","STABLE_DIAGNOSTIC","2.2","2.4","62.0","prior_frozen_annotation","previous_diagnostic"
"C01","STABLE_DIAGNOSTIC","2.6","2.85","60.0","prior_frozen_annotation","previous_diagnostic"
"C02","STABLE_DIAGNOSTIC","0.3","0.7","60.0","prior_frozen_annotation","previous_diagnostic"
"C02","STABLE_DIAGNOSTIC","0.87","0.98","62.0","prior_frozen_annotation","previous_diagnostic"
"C02","STABLE_DIAGNOSTIC","1.16","1.32","64.0","prior_frozen_annotation","previous_diagnostic"
"C02","STABLE_DIAGNOSTIC","1.48","1.71","65.0","prior_frozen_annotation","previous_diagnostic"
"C02","STABLE_DIAGNOSTIC","1.91","2.08","64.0","prior_frozen_annotation","previous_diagnostic"
"C02","STABLE_DIAGNOSTIC","2.25","2.5","62.0","prior_frozen_annotation","previous_diagnostic"
"C02","STABLE_DIAGNOSTIC","2.7","3.0","60.0","prior_frozen_annotation","previous_diagnostic"
"C03","STABLE_DIAGNOSTIC","0.45","0.8","60.0","prior_frozen_annotation","previous_diagnostic"
"C03","STABLE_DIAGNOSTIC","0.97","1.1","62.0","prior_frozen_annotation","previous_diagnostic"
"C03","STABLE_DIAGNOSTIC","1.28","1.42","64.0","prior_frozen_annotation","previous_diagnostic"
"C03","STABLE_DIAGNOSTIC","1.58","1.8","65.0","prior_frozen_annotation","previous_diagnostic"
"C03","STABLE_DIAGNOSTIC","1.99","2.15","64.0","prior_frozen_annotation","previous_diagnostic"
"C03","STABLE_DIAGNOSTIC","2.32","2.59","62.0","prior_frozen_annotation","previous_diagnostic"
"C03","STABLE_DIAGNOSTIC","2.75","3.05","60.0","prior_frozen_annotation","previous_diagnostic"
"C04","STABLE_DIAGNOSTIC","0.32","0.67","60.0","prior_frozen_annotation","previous_diagnostic"
"C04","STABLE_DIAGNOSTIC","0.88","0.96","62.0","prior_frozen_annotation","previous_diagnostic"
"C04","STABLE_DIAGNOSTIC","1.09","1.25","64.0","prior_frozen_annotation","previous_diagnostic"
"C04","STABLE_DIAGNOSTIC","1.44","1.66","65.0","prior_frozen_annotation","previous_diagnostic"
"C04","STABLE_DIAGNOSTIC","1.8","1.98","64.0","prior_frozen_annotation","previous_diagnostic"
"C04","STABLE_DIAGNOSTIC","2.14","2.37","62.0","prior_frozen_annotation","previous_diagnostic"
"C04","STABLE_DIAGNOSTIC","2.6","2.83","60.0","prior_frozen_annotation","previous_diagnostic"
"C05","STABLE_DIAGNOSTIC","0.3","0.67","60.0","prior_frozen_annotation","previous_diagnostic"
"C05","STABLE_DIAGNOSTIC","0.83","0.95","62.0","prior_frozen_annotation","previous_diagnostic"
"C05","STABLE_DIAGNOSTIC","1.08","1.26","64.0","prior_frozen_annotation","previous_diagnostic"
"C05","STABLE_DIAGNOSTIC","1.46","1.66","65.0","prior_frozen_annotation","previous_diagnostic"
"C05","STABLE_DIAGNOSTIC","1.8","2.02","64.0","prior_frozen_annotation","previous_diagnostic"
"C05","STABLE_DIAGNOSTIC","2.18","2.41","62.0","prior_frozen_annotation","previous_diagnostic"
"C05","STABLE_DIAGNOSTIC","2.62","2.85","60.0","prior_frozen_annotation","previous_diagnostic"
"R01","LEADING","0.0","0.95","","prior_targeted_derived","derived"
"R01","ATTACK","0.95","1.25","","prior_targeted_derived","derived"
"R01","STABLE","1.25","2.2","53.0","prior_targeted_derived","derived"
"R01","RELEASE","2.2","2.55","","prior_targeted_derived","derived"
"R01","BACKGROUND","2.55","4.06","","prior_targeted_derived","derived"
"R02","LEADING","0.0","1.15","","prior_targeted_derived","derived"
"R02","ATTACK","1.15","1.45","","prior_targeted_derived","derived"
"R02","STABLE","1.45","2.4","65.0","prior_targeted_derived","derived"
"R02","RELEASE","2.4","2.85","","prior_targeted_derived","derived"
"R02","BACKGROUND","2.85","3.97","","prior_targeted_derived","derived"
"R03","LEADING","0.0","0.85","","prior_targeted_derived","derived"
"R03","ATTACK","0.85","1.1","","prior_targeted_derived","derived"
"R03","FIRSTSTABLE","1.1","1.55","53.0","prior_targeted_derived","derived"
"R03","TRANSITION","1.55","1.95","","prior_targeted_derived","derived"
"R03","SECONDSTABLE","1.95","2.75","65.0","prior_targeted_derived","derived"
"R03","RELEASE","2.75","3.2","","prior_targeted_derived","derived"
"R03","BACKGROUND","3.2","3.58","","prior_targeted_derived","derived"
"R04","LEADING","0.0","0.9","","prior_targeted_derived","derived"
"R04","ATTACK","0.9","1.15","","prior_targeted_derived","derived"
"R04","FIRSTSTABLE","1.15","1.7","65.0","prior_targeted_derived","derived"
"R04","TRANSITION","1.7","2.2","","prior_targeted_derived","derived"
"R04","SECONDSTABLE","2.2","2.85","53.0","prior_targeted_derived","derived"
"R04","RELEASE","2.85","3.3","","prior_targeted_derived","derived"
"R04","BACKGROUND","3.3","3.58","","prior_targeted_derived","derived"
"R05","LEADING","0.0","0.8","","prior_targeted_derived","derived"
"R05","ATTACK","0.8","1.1","","prior_targeted_derived","derived"
"R05","STABLE","1.1","2.6","52.0","prior_targeted_derived","derived"
"R05","RELEASE","2.6","3.25","","prior_targeted_derived","derived"
"R05","BACKGROUND","3.25","4.3","","prior_targeted_derived","derived"
"R06","LEADING","0.0","0.95","","prior_targeted_derived","derived"
"R06","ATTACK","0.95","1.2","","prior_targeted_derived","derived"
"R06","STABLE","1.2","2.25","64.0","prior_targeted_derived","derived"
"R06","RELEASE","2.25","3.2","","prior_targeted_derived","derived"
"R06","BACKGROUND","3.2","3.58","","prior_targeted_derived","derived"
"R07","LEADING","0.0","1.3","","prior_targeted_derived","derived"
"R07","ATTACK","1.3","1.65","","prior_targeted_derived","derived"
"R07","COMBINED","1.65","2.75","","prior_targeted_derived","derived"
"R07","RELEASE","2.75","3.55","","prior_targeted_derived","derived"
"R07","BACKGROUND","3.55","3.97","","prior_targeted_derived","derived"
"R08","LEADING","0.0","1.05","","prior_targeted_derived","derived"
"R08","ATTACK","1.05","1.4","","prior_targeted_derived","derived"
"R08","COMBINED","1.4","2.65","","prior_targeted_derived","derived"
"R08","RELEASE","2.65","3.3","","prior_targeted_derived","derived"
"R08","BACKGROUND","3.3","4.23","","prior_targeted_derived","derived"
"V01","PRE_NOTE_SILENCE","0.0","1.69993","","video_key_down","medium"
"V01","ATTACK","1.69993","1.95","","derived","derived"
"V01","STABLE_SUSTAIN","2.0","2.9","65.0","video_plus_signal","derived"
"V01","RELEASE_DECAY","2.9","4.26651","","low_confidence_key_up","low"
"V01","POST_NOTE_BACKGROUND","4.26651","6.86934","","low_confidence_key_up","low"
"V02","PRE_NOTE_SILENCE","0.0","1.72991","","video_key_down","medium"
"V02","ATTACK","1.72991","2.05","","derived","derived"
"V02","STABLE_SUSTAIN","2.1","3.5","64.0","video_plus_signal","derived"
"V02","RELEASE_DECAY","3.5","4.66317","","low_confidence_key_up","low"
"V02","POST_NOTE_BACKGROUND","4.66317","5.568","","low_confidence_key_up","low"
"V03","PRE_NOTE_SILENCE","0.0","1.49667","","video_key_down","medium"
"V03","ATTACK","1.49667","1.93","","derived","derived"
"V03","STABLE_SUSTAIN","1.95","2.6","65.0","video_plus_signal","derived"
"V03","TRANSITION","2.6","3.52","","video_rearticulation","derived"
"V03","STABLE_SUSTAIN","3.55","4.45","65.0","video_plus_signal","derived"
"V03","RELEASE_DECAY","4.45","5.49989","","low_confidence_key_up","low"
"V03","POST_NOTE_BACKGROUND","5.49989","7.168","","low_confidence_key_up","low"
"V04","PRE_NOTE_SILENCE","0.0","1.60559","","video_key_down","medium"
"V04","ATTACK","1.60559","1.93","","derived","derived"
"V04","STABLE_SUSTAIN","1.95","2.3","65.0","video_plus_signal","derived"
"V04","TRANSITION","2.3","2.75","","video_second_key_down","derived"
"V04","STABLE_SUSTAIN","2.8","3.3","64.0","video_plus_signal","derived"
"V04","RELEASE_DECAY","3.3","4.3055","","low_confidence_key_up","low"
"V04","POST_NOTE_BACKGROUND","4.3055","5.312","","low_confidence_key_up","low"
