"failure_family","case_id","frames","median_rms","median_confidence","median_selected_cmnd","truth_quality"
"PRE_NOTE_FALSE_PITCH","V01","39","0.00859395414591","0.880418002605","0.119582012764","independent_visible_key_down"
"POST_NOTE_PITCH_ESTIMATE","V01","34","0.0101974774152","0.874846339226","0.125209443334","low_confidence_key_up"
"DECAY_OR_SUSTAIN_UNCERTAIN","V01","101","0.0223272982985","0.904698312283","0.0953017118628","release_truth_not_independent"
"STABLE_SUSTAIN_OCTAVE_DOWN","V01","0","NaN","NaN","NaN","musical_truth_and_conservative_window"
"PRE_NOTE_FALSE_PITCH","V02","18","0.00774612277746","0.881445646286","0.125430617894","independent_visible_key_down"
"POST_NOTE_PITCH_ESTIMATE","V02","12","0.0101312361658","0.869348108768","0.13396899261","low_confidence_key_up"
"DECAY_OR_SUSTAIN_UNCERTAIN","V02","53","0.0175547767431","0.905247449875","0.0947525270025","release_truth_not_independent"
"STABLE_SUSTAIN_OCTAVE_DOWN","V02","121","0.0777648761868","0.993107378483","0.00689260912174","musical_truth_and_conservative_window"
"PRE_NOTE_FALSE_PITCH","V03","37","0.00567758409306","0.888795554638","0.111204426091","independent_visible_key_down"
"POST_NOTE_PITCH_ESTIMATE","V03","27","0.00962362159044","0.876797914505","0.12320211393","low_confidence_key_up"
"DECAY_OR_SUSTAIN_UNCERTAIN","V03","31","0.0130543103442","0.889410436153","0.110589581559","release_truth_not_independent"
"STABLE_SUSTAIN_OCTAVE_DOWN","V03","0","NaN","NaN","NaN","musical_truth_and_conservative_window"
"PRE_NOTE_FALSE_PITCH","V04","42","0.00865101534873","0.896810591221","0.105195198041","independent_visible_key_down"
"POST_NOTE_PITCH_ESTIMATE","V04","9","0.0078164646402","0.86581403017","0.134185992128","low_confidence_key_up"
"DECAY_OR_SUSTAIN_UNCERTAIN","V04","46","0.0283554233611","0.917779326439","0.0891783186415","release_truth_not_independent"
"STABLE_SUSTAIN_OCTAVE_DOWN","V04","0","NaN","NaN","NaN","musical_truth_and_conservative_window"
