case_id,source_label,expected_count,expected_midi,ground_truth_quality,independent_attack_times,production_scoring
C01,controlled_piano,7,60>62>64>65>64>62>60,musical_sequence_only,none,included
C02,controlled_piano,7,60>62>64>65>64>62>60,musical_sequence_only,none,included
C03,controlled_piano,7,60>62>64>65>64>62>60,musical_sequence_only,none,included
C04,controlled_piano,7,60>62>64>65>64>62>60,musical_sequence_only,none,included
C05,controlled_piano,7,60>62>64>65>64>62>60,musical_sequence_only,none,included
N01,octave_real,1,53,musical_sequence_only,none,included
N02,octave_real,1,65,musical_sequence_only,none,included
N03,octave_real,1,77,musical_sequence_only,none,included
N04,octave_real,1,52,musical_sequence_only,none,included
N05,octave_real,1,64,musical_sequence_only,none,included
N06,octave_real,1,76,musical_sequence_only,none,included
N07,octave_real,2,53>65,musical_sequence_only,none,included
N08,octave_real,2,65>53,musical_sequence_only,none,included
N09,octave_real,2,65>77,musical_sequence_only,none,included
N10,octave_real,2,77>65,musical_sequence_only,none,included
N11,octave_real,2,65>65,musical_sequence_only,none,included
N12,octave_real,1,65,musical_sequence_only,none,included
P01,controlled_boundary,2,65>64,musical_sequence_only,none,included
P02,controlled_boundary,2,65>64,musical_sequence_only,none,included
P03,controlled_boundary,2,65>64,musical_sequence_only,none,included
P04,controlled_boundary,2,65>64,musical_sequence_only,none,included
P05,controlled_boundary,2,65>64,musical_sequence_only,none,included
P06,controlled_boundary,2,65>64,musical_sequence_only,none,included
P07,controlled_boundary,2,65>65,musical_sequence_only,none,included
P08,controlled_boundary,2,64>64,musical_sequence_only,none,included
P09,controlled_boundary,1,62,musical_sequence_only,none,included
P10,controlled_boundary,1,62,musical_sequence_only,none,included
R01,targeted_real,1,53,musical_sequence_only,none,included
R02,targeted_real,1,65,musical_sequence_only,none,included
R03,targeted_real,2,53>65,musical_sequence_only,none,included
R04,targeted_real,2,65>53,musical_sequence_only,none,included
R05,targeted_real,1,52,musical_sequence_only,none,included
R06,targeted_real,1,64,musical_sequence_only,none,included
R07,targeted_real,,,polyphonic_outside_V1,none,excluded
R08,targeted_real,,,polyphonic_outside_V1,none,excluded
