policy,confirmation_frames,pitch_threshold_semitones,gap_frames,development_sequence_exact,validation_sequence_exact,development_count_error_abs,validation_count_error_abs,R_single_exact,R_octave_exact,C_F4E4_sequence_exact,P_repeated_exact
anchor_onset,2,0.65,2,3,6,28,37,2,2,5,0
anchor_onset,2,0.65,3,2,6,28,38,2,2,4,0
anchor_onset,2,0.75,2,3,6,28,37,2,2,5,0
anchor_onset,2,0.75,3,2,6,28,38,2,2,4,0
anchor_onset,2,0.85,2,3,6,28,37,2,2,5,0
anchor_onset,2,0.85,3,2,6,28,38,2,2,4,0
anchor_onset,3,0.65,2,3,6,28,37,2,2,5,0
anchor_onset,3,0.65,3,2,6,28,38,2,2,4,0
anchor_onset,3,0.75,2,3,6,28,37,2,2,5,0
anchor_onset,3,0.75,3,2,6,28,38,2,2,4,0
anchor_onset,3,0.85,2,3,6,28,37,2,2,5,0
anchor_onset,3,0.85,3,2,6,28,38,2,2,4,0
anchor_onset,4,0.65,2,2,6,29,34,2,2,5,0
anchor_onset,4,0.65,3,1,6,29,35,2,2,4,0
anchor_onset,4,0.75,2,2,6,29,34,2,2,5,0
anchor_onset,4,0.75,3,1,6,29,35,2,2,4,0
anchor_onset,4,0.85,2,2,6,29,34,2,2,5,0
anchor_onset,4,0.85,3,1,6,29,35,2,2,4,0
