"control","policy","cases","exact_sequences","total_cases","status","note"
"single_sustained_R01_R02_R05_R06","A_PRODUCTION","R01>R02>R05>R06","2","4","FAIL","Musical sequence only; independent boundary timestamps unavailable"
"single_sustained_R01_R02_R05_R06","B_PITCH_CONFIRM_3","R01>R02>R05>R06","2","4","FAIL","Musical sequence only; independent boundary timestamps unavailable"
"single_sustained_R01_R02_R05_R06","C_ONSET_ASSISTED","R01>R02>R05>R06","2","4","FAIL","Musical sequence only; independent boundary timestamps unavailable"
"single_sustained_R01_R02_R05_R06","D_GAP_3","R01>R02>R05>R06","2","4","FAIL","Musical sequence only; independent boundary timestamps unavailable"
"single_sustained_R01_R02_R05_R06","E_COMBINED","R01>R02>R05>R06","2","4","FAIL","Musical sequence only; independent boundary timestamps unavailable"
"true_octave_up_R03","A_PRODUCTION","R03","1","1","PASS","Musical sequence only; independent boundary timestamps unavailable"
"true_octave_up_R03","B_PITCH_CONFIRM_3","R03","1","1","PASS","Musical sequence only; independent boundary timestamps unavailable"
"true_octave_up_R03","C_ONSET_ASSISTED","R03","1","1","PASS","Musical sequence only; independent boundary timestamps unavailable"
"true_octave_up_R03","D_GAP_3","R03","1","1","PASS","Musical sequence only; independent boundary timestamps unavailable"
"true_octave_up_R03","E_COMBINED","R03","1","1","PASS","Musical sequence only; independent boundary timestamps unavailable"
"true_octave_down_R04","A_PRODUCTION","R04","1","1","PASS","Musical sequence only; independent boundary timestamps unavailable"
"true_octave_down_R04","B_PITCH_CONFIRM_3","R04","1","1","PASS","Musical sequence only; independent boundary timestamps unavailable"
"true_octave_down_R04","C_ONSET_ASSISTED","R04","1","1","PASS","Musical sequence only; independent boundary timestamps unavailable"
"true_octave_down_R04","D_GAP_3","R04","1","1","PASS","Musical sequence only; independent boundary timestamps unavailable"
"true_octave_down_R04","E_COMBINED","R04","1","1","PASS","Musical sequence only; independent boundary timestamps unavailable"
"semitone_C01_C05","A_PRODUCTION","C01>C02>C03>C04>C05","0","5","FAIL","Musical sequence only; independent boundary timestamps unavailable"
"semitone_C01_C05","B_PITCH_CONFIRM_3","C01>C02>C03>C04>C05","1","5","FAIL","Musical sequence only; independent boundary timestamps unavailable"
"semitone_C01_C05","C_ONSET_ASSISTED","C01>C02>C03>C04>C05","3","5","FAIL","Musical sequence only; independent boundary timestamps unavailable"
"semitone_C01_C05","D_GAP_3","C01>C02>C03>C04>C05","0","5","FAIL","Musical sequence only; independent boundary timestamps unavailable"
"semitone_C01_C05","E_COMBINED","C01>C02>C03>C04>C05","2","5","FAIL","Musical sequence only; independent boundary timestamps unavailable"
"repeated_N11_P07_P08","A_PRODUCTION","N11>P07>P08","0","3","FAIL","Musical sequence only; independent boundary timestamps unavailable"
"repeated_N11_P07_P08","B_PITCH_CONFIRM_3","N11>P07>P08","0","3","FAIL","Musical sequence only; independent boundary timestamps unavailable"
"repeated_N11_P07_P08","C_ONSET_ASSISTED","N11>P07>P08","0","3","FAIL","Musical sequence only; independent boundary timestamps unavailable"
"repeated_N11_P07_P08","D_GAP_3","N11>P07>P08","0","3","FAIL","Musical sequence only; independent boundary timestamps unavailable"
"repeated_N11_P07_P08","E_COMBINED","N11>P07>P08","0","3","FAIL","Musical sequence only; independent boundary timestamps unavailable"
"short_D4_P09_P10","A_PRODUCTION","P09>P10","0","2","FAIL","Musical sequence only; independent boundary timestamps unavailable"
"short_D4_P09_P10","B_PITCH_CONFIRM_3","P09>P10","0","2","FAIL","Musical sequence only; independent boundary timestamps unavailable"
"short_D4_P09_P10","C_ONSET_ASSISTED","P09>P10","0","2","FAIL","Musical sequence only; independent boundary timestamps unavailable"
"short_D4_P09_P10","D_GAP_3","P09>P10","0","2","FAIL","Musical sequence only; independent boundary timestamps unavailable"
"short_D4_P09_P10","E_COMBINED","P09>P10","0","2","FAIL","Musical sequence only; independent boundary timestamps unavailable"
"stable_pitch_jitter","A_PRODUCTION","","0","0","NOT TESTED","Musical sequence only; independent boundary timestamps unavailable"
"stable_pitch_jitter","B_PITCH_CONFIRM_3","","0","0","NOT TESTED","Musical sequence only; independent boundary timestamps unavailable"
"stable_pitch_jitter","C_ONSET_ASSISTED","","0","0","NOT TESTED","Musical sequence only; independent boundary timestamps unavailable"
"stable_pitch_jitter","D_GAP_3","","0","0","NOT TESTED","Musical sequence only; independent boundary timestamps unavailable"
"stable_pitch_jitter","E_COMBINED","","0","0","NOT TESTED","Musical sequence only; independent boundary timestamps unavailable"
"release_independent_timing","A_PRODUCTION","","0","0","NOT TESTED","Musical sequence only; independent boundary timestamps unavailable"
"release_independent_timing","B_PITCH_CONFIRM_3","","0","0","NOT TESTED","Musical sequence only; independent boundary timestamps unavailable"
"release_independent_timing","C_ONSET_ASSISTED","","0","0","NOT TESTED","Musical sequence only; independent boundary timestamps unavailable"
"release_independent_timing","D_GAP_3","","0","0","NOT TESTED","Musical sequence only; independent boundary timestamps unavailable"
"release_independent_timing","E_COMBINED","","0","0","NOT TESTED","Musical sequence only; independent boundary timestamps unavailable"
"silence_noise_impulse","A_PRODUCTION","","0","0","NOT TESTED","Musical sequence only; independent boundary timestamps unavailable"
"silence_noise_impulse","B_PITCH_CONFIRM_3","","0","0","NOT TESTED","Musical sequence only; independent boundary timestamps unavailable"
"silence_noise_impulse","C_ONSET_ASSISTED","","0","0","NOT TESTED","Musical sequence only; independent boundary timestamps unavailable"
"silence_noise_impulse","D_GAP_3","","0","0","NOT TESTED","Musical sequence only; independent boundary timestamps unavailable"
"silence_noise_impulse","E_COMBINED","","0","0","NOT TESTED","Musical sequence only; independent boundary timestamps unavailable"
