"case_id","filename","availability","canonical_sample_rate","canonical_channels","canonical_pcm_frames","canonical_duration_seconds","raw_feature_count","musical_ground_truth","ground_truth_quality","production_scoring"
"C01","Sornaz_اول.m4a","FOUND_AND_PROCESSED","44100","1","143360","3.250793650793651","280","60>62>64>65>64>62>60","musical_sequence_only","included"
"C02","Sornaz_دوم.m4a","FOUND_AND_PROCESSED","44100","1","190464","4.31891156462585","372","60>62>64>65>64>62>60","musical_sequence_only","included"
"C03","Sornaz_سوم.m4a","FOUND_AND_PROCESSED","44100","1","189440","4.295691609977324","370","60>62>64>65>64>62>60","musical_sequence_only","included"
"C04","Sornaz_چهارم.m4a","FOUND_AND_PROCESSED","44100","1","150528","3.4133333333333336","294","60>62>64>65>64>62>60","musical_sequence_only","included"
"C05","Sornaz_پنجم.m4a","FOUND_AND_PROCESSED","44100","1","146432","3.320453514739229","286","60>62>64>65>64>62>60","musical_sequence_only","included"
"N01","Sornaz_octave_01.m4a","FOUND_AND_PROCESSED","44100","1","214016","4.85297052154195","418","53","musical_sequence_only","included"
"N02","Sornaz_octave_02.m4a","FOUND_AND_PROCESSED","44100","1","221184","5.015510204081632","432","65","musical_sequence_only","included"
"N03","Sornaz_octave_03.m4a","FOUND_AND_PROCESSED","44100","1","203776","4.620770975056689","398","77","musical_sequence_only","included"
"N04","Sornaz_octave_04.m4a","FOUND_AND_PROCESSED","44100","1","186368","4.2260317460317465","364","52","musical_sequence_only","included"
"N05","Sornaz_octave_05.m4a","FOUND_AND_PROCESSED","44100","1","214016","4.85297052154195","418","64","musical_sequence_only","included"
"N06","Sornaz_octave_06.m4a","FOUND_AND_PROCESSED","44100","1","175104","3.9706122448979593","342","76","musical_sequence_only","included"
"N07","Sornaz_octave_07.m4a","FOUND_AND_PROCESSED","44100","1","245760","5.572789115646258","480","53>65","musical_sequence_only","included"
"N08","Sornaz_octave_08.m4a","FOUND_AND_PROCESSED","44100","1","210944","4.783310657596372","412","65>53","musical_sequence_only","included"
"N09","Sornaz_octave_09.m4a","FOUND_AND_PROCESSED","44100","1","218112","4.9458503401360545","426","65>77","musical_sequence_only","included"
"N10","Sornaz_octave_10.m4a","FOUND_AND_PROCESSED","44100","1","228352","5.178049886621316","446","77>65","musical_sequence_only","included"
"N11","Sornaz_octave_11.m4a","FOUND_AND_PROCESSED","44100","1","235520","5.340589569160998","460","65>65","musical_sequence_only","included"
"N12","Sornaz_octave_12.m4a","FOUND_AND_PROCESSED","44100","1","362496","8.219863945578231","708","65","musical_sequence_only","included"
"P01","Sornaz_1.m4a","FOUND_AND_PROCESSED","44100","1","186368","4.2260317460317465","364","65>64","musical_sequence_only","included"
"P02","Sornaz_2.m4a","FOUND_AND_PROCESSED","44100","1","221184","5.015510204081632","432","65>64","musical_sequence_only","included"
"P03","Sornaz_3.m4a","FOUND_AND_PROCESSED","44100","1","263168","5.9675283446712015","514","65>64","musical_sequence_only","included"
"P04","Sornaz_4.m4a","FOUND_AND_PROCESSED","44100","1","154624","3.5062131519274375","302","65>64","musical_sequence_only","included"
"P05","Sornaz_5.m4a","FOUND_AND_PROCESSED","44100","1","206848","4.690430839002268","404","65>64","musical_sequence_only","included"
"P06","Sornaz_6.m4a","FOUND_AND_PROCESSED","44100","1","179200","4.063492063492063","350","65>64","musical_sequence_only","included"
"P07","Sornaz_7.m4a","FOUND_AND_PROCESSED","44100","1","164864","3.7384126984126986","322","65>65","musical_sequence_only","included"
"P08","Sornaz_8.m4a","FOUND_AND_PROCESSED","44100","1","172032","3.900952380952381","336","64>64","musical_sequence_only","included"
"P09","Sornaz_9.m4a","FOUND_AND_PROCESSED","44100","1","108544","2.461315192743764","212","62","musical_sequence_only","included"
"P10","Sornaz_10.m4a","FOUND_AND_PROCESSED","44100","1","118784","2.693514739229025","232","62","musical_sequence_only","included"
"R01","Sornaz_R01.m4a","FOUND_AND_PROCESSED","44100","1","179200","4.063492063492063","350","53","musical_sequence_only","included"
"R02","Sornaz_R02.m4a","FOUND_AND_PROCESSED","44100","1","175104","3.9706122448979593","342","65","musical_sequence_only","included"
"R03","Sornaz_R03.m4a","FOUND_AND_PROCESSED","44100","1","157696","3.575873015873016","308","53>65","musical_sequence_only","included"
"R04","Sornaz_R04.m4a","FOUND_AND_PROCESSED","44100","1","157696","3.575873015873016","308","65>53","musical_sequence_only","included"
"R05","Sornaz_R05.m4a","FOUND_AND_PROCESSED","44100","1","189440","4.295691609977324","370","52","musical_sequence_only","included"
"R06","Sornaz_R06.m4a","FOUND_AND_PROCESSED","44100","1","157696","3.575873015873016","308","64","musical_sequence_only","included"
"R07","Sornaz_R07.m4a","FOUND_AND_PROCESSED","44100","1","175104","3.9706122448979593","342","","polyphonic_outside_V1","excluded"
"R08","Sornaz_R08.m4a","FOUND_AND_PROCESSED","44100","1","186368","4.2260317460317465","364","","polyphonic_outside_V1","excluded"
