"case_id","set","policy","expected_count","detected_count","count_error","expected_midi","detected_midi","sequence_exact","edit_distance","median_segment_duration"
"C01","development","A_PRODUCTION","7","6","-1","60>62>64>65>64>62>60","60>62>64>65>62>60","false","1","0.359909297052154"
"C01","development","B_PITCH_CONFIRM_3","7","7","0","60>62>64>65>64>62>60","60>62>64>65>63>62>60","false","1","0.3366893424036279"
"C01","development","C_ONSET_ASSISTED","7","7","0","60>62>64>65>64>62>60","60>62>64>65>64>62>60","true","0","0.3250793650793651"
"C01","development","D_GAP_3","7","6","-1","60>62>64>65>64>62>60","60>62>64>65>62>60","false","1","0.359909297052154"
"C01","development","E_COMBINED","7","7","0","60>62>64>65>64>62>60","60>62>64>65>64>62>60","true","0","0.3250793650793651"
"C02","development","A_PRODUCTION","7","6","-1","60>62>64>65>64>62>60","60>62>64>65>62>60","false","1","0.4992290249433107"
"C02","development","B_PITCH_CONFIRM_3","7","7","0","60>62>64>65>64>62>60","60>62>64>65>63>62>60","false","1","0.359909297052154"
"C02","development","C_ONSET_ASSISTED","7","7","0","60>62>64>65>64>62>60","60>62>64>65>64>62>60","true","0","0.359909297052154"
"C02","development","D_GAP_3","7","6","-1","60>62>64>65>64>62>60","60>62>64>65>62>60","false","1","0.4992290249433107"
"C02","development","E_COMBINED","7","7","0","60>62>64>65>64>62>60","60>62>64>65>64>62>60","true","0","0.359909297052154"
"C03","development","A_PRODUCTION","7","6","-1","60>62>64>65>64>62>60","60>62>64>65>62>60","false","1","0.4411791383219956"
"C03","development","B_PITCH_CONFIRM_3","7","7","0","60>62>64>65>64>62>60","60>62>64>65>64>62>60","true","0","0.37151927437641685"
"C03","development","C_ONSET_ASSISTED","7","7","0","60>62>64>65>64>62>60","60>62>64>65>64>62>60","true","0","0.37151927437641685"
"C03","development","D_GAP_3","7","6","-1","60>62>64>65>64>62>60","60>62>64>65>62>60","false","1","0.4411791383219956"
"C03","development","E_COMBINED","7","6","-1","60>62>64>65>64>62>60","60>62>64>65>62>60","false","1","0.45278911564625846"
"C04","validation","A_PRODUCTION","7","5","-2","60>62>64>65>64>62>60","60>64>65>62>60","false","2","0.3831292517006806"
"C04","validation","B_PITCH_CONFIRM_3","7","6","-1","60>62>64>65>64>62>60","60>64>65>63>62>60","false","2","0.3831292517006806"
"C04","validation","C_ONSET_ASSISTED","7","6","-1","60>62>64>65>64>62>60","60>64>65>64>62>60","false","1","0.3831292517006806"
"C04","validation","D_GAP_3","7","5","-2","60>62>64>65>64>62>60","60>64>65>62>60","false","2","0.3831292517006806"
"C04","validation","E_COMBINED","7","6","-1","60>62>64>65>64>62>60","60>64>65>64>62>60","false","1","0.3831292517006806"
"C05","validation","A_PRODUCTION","7","5","-2","60>62>64>65>64>62>60","60>64>65>62>60","false","2","0.3947392290249434"
"C05","validation","B_PITCH_CONFIRM_3","7","6","-1","60>62>64>65>64>62>60","60>64>65>64>62>60","false","1","0.3947392290249432"
"C05","validation","C_ONSET_ASSISTED","7","6","-1","60>62>64>65>64>62>60","60>64>65>64>62>60","false","1","0.3947392290249432"
"C05","validation","D_GAP_3","7","5","-2","60>62>64>65>64>62>60","60>64>65>62>60","false","2","0.3947392290249434"
"C05","validation","E_COMBINED","7","6","-1","60>62>64>65>64>62>60","60>64>65>64>62>60","false","1","0.3947392290249434"
"N01","validation","A_PRODUCTION","1","1","0","53","53","true","0","2.75156462585034"
"N01","validation","B_PITCH_CONFIRM_3","1","1","0","53","53","true","0","2.75156462585034"
"N01","validation","C_ONSET_ASSISTED","1","1","0","53","53","true","0","2.75156462585034"
"N01","validation","D_GAP_3","1","1","0","53","53","true","0","2.75156462585034"
"N01","validation","E_COMBINED","1","1","0","53","53","true","0","2.75156462585034"
"N02","validation","A_PRODUCTION","1","2","1","65","65>53","false","1","1.6137868480725623"
"N02","validation","B_PITCH_CONFIRM_3","1","2","1","65","65>53","false","1","1.6137868480725623"
"N02","validation","C_ONSET_ASSISTED","1","2","1","65","65>53","false","1","1.6137868480725623"
"N02","validation","D_GAP_3","1","2","1","65","65>53","false","1","1.6137868480725623"
"N02","validation","E_COMBINED","1","2","1","65","65>53","false","1","1.6137868480725623"
"N03","validation","A_PRODUCTION","1","5","4","77","77>53>49>49>49","false","4","0.1277097505668936"
"N03","validation","B_PITCH_CONFIRM_3","1","5","4","77","76>53>49>49>49","false","5","0.1277097505668936"
"N03","validation","C_ONSET_ASSISTED","1","5","4","77","76>53>49>49>49","false","5","0.1277097505668936"
"N03","validation","D_GAP_3","1","5","4","77","77>53>49>49>49","false","4","0.1277097505668936"
"N03","validation","E_COMBINED","1","5","4","77","76>53>49>49>49","false","5","0.1277097505668936"
"N04","validation","A_PRODUCTION","1","1","0","52","52","true","0","2.542585034013605"
"N04","validation","B_PITCH_CONFIRM_3","1","1","0","52","52","true","0","2.542585034013605"
"N04","validation","C_ONSET_ASSISTED","1","1","0","52","52","true","0","2.542585034013605"
"N04","validation","D_GAP_3","1","1","0","52","52","true","0","2.542585034013605"
"N04","validation","E_COMBINED","1","1","0","52","52","true","0","2.542585034013605"
"N05","validation","A_PRODUCTION","1","3","2","64","64>52>52","false","2","0.3947392290249434"
"N05","validation","B_PITCH_CONFIRM_3","1","2","1","64","64>53","false","1","0.6385487528344673"
"N05","validation","C_ONSET_ASSISTED","1","2","1","64","64>53","false","1","0.6385487528344673"
"N05","validation","D_GAP_3","1","3","2","64","64>52>52","false","2","0.3947392290249434"
"N05","validation","E_COMBINED","1","2","1","64","64>53","false","1","0.6385487528344673"
"N06","validation","A_PRODUCTION","1","2","1","76","76>52","false","1","0.6269387755102043"
"N06","validation","B_PITCH_CONFIRM_3","1","2","1","76","76>51","false","1","0.6269387755102043"
"N06","validation","C_ONSET_ASSISTED","1","2","1","76","76>51","false","1","0.6269387755102043"
"N06","validation","D_GAP_3","1","2","1","76","76>52","false","1","0.6269387755102043"
"N06","validation","E_COMBINED","1","2","1","76","76>51","false","1","0.6269387755102043"
"N07","validation","A_PRODUCTION","2","4","2","53>65","53>53>65>53","false","2","1.4860770975056687"
"N07","validation","B_PITCH_CONFIRM_3","2","4","2","53>65","53>53>65>53","false","2","1.4860770975056687"
"N07","validation","C_ONSET_ASSISTED","2","4","2","53>65","53>53>65>53","false","2","1.4860770975056687"
"N07","validation","D_GAP_3","2","4","2","53>65","53>53>65>53","false","2","1.4860770975056687"
"N07","validation","E_COMBINED","2","4","2","53>65","53>53>65>53","false","2","1.4860770975056687"
"N08","validation","A_PRODUCTION","2","4","2","65>53","65>53>65>53","false","2","1.3583673469387754"
"N08","validation","B_PITCH_CONFIRM_3","2","4","2","65>53","65>53>64>53","false","2","1.3583673469387754"
"N08","validation","C_ONSET_ASSISTED","2","4","2","65>53","65>53>64>53","false","2","1.3583673469387754"
"N08","validation","D_GAP_3","2","4","2","65>53","65>53>65>53","false","2","1.3583673469387754"
"N08","validation","E_COMBINED","2","4","2","65>53","65>53>64>53","false","2","1.3583673469387754"
"N09","validation","A_PRODUCTION","2","4","2","65>77","65>53>77>49","false","2","0.38312925170068013"
"N09","validation","B_PITCH_CONFIRM_3","2","4","2","65>77","65>53>77>49","false","2","0.38312925170068013"
"N09","validation","C_ONSET_ASSISTED","2","4","2","65>77","65>53>77>49","false","2","0.38312925170068013"
"N09","validation","D_GAP_3","2","4","2","65>77","65>53>77>49","false","2","0.38312925170068013"
"N09","validation","E_COMBINED","2","4","2","65>77","65>53>77>49","false","2","0.38312925170068013"
"N10","validation","A_PRODUCTION","2","3","1","77>65","77>65>53","false","1","0.6617687074829934"
"N10","validation","B_PITCH_CONFIRM_3","2","4","2","77>65","77>56>65>53","false","2","0.6617687074829934"
"N10","validation","C_ONSET_ASSISTED","2","4","2","77>65","77>56>65>53","false","2","0.6617687074829934"
"N10","validation","D_GAP_3","2","4","2","77>65","77>49>65>53","false","2","0.6617687074829934"
"N10","validation","E_COMBINED","2","5","3","77>65","77>58>49>65>53","false","3","0.3947392290249432"
"N11","validation","A_PRODUCTION","2","6","4","65>65","65>53>65>53>65>53","false","4","0.25541950113378675"
"N11","validation","B_PITCH_CONFIRM_3","2","8","6","65>65","65>53>63>65>53>62>65>53","false","6","0.19736961451247126"
"N11","validation","C_ONSET_ASSISTED","2","8","6","65>65","65>53>63>65>53>62>65>53","false","6","0.19736961451247126"
"N11","validation","D_GAP_3","2","6","4","65>65","65>53>65>53>65>53","false","4","0.25541950113378675"
"N11","validation","E_COMBINED","2","8","6","65>65","65>53>63>65>53>62>65>53","false","6","0.19736961451247126"
"N12","validation","A_PRODUCTION","1","3","2","65","65>65>53","false","2","0.3366893424036279"
"N12","validation","B_PITCH_CONFIRM_3","1","2","1","65","65>53","false","1","1.7298866213151929"
"N12","validation","C_ONSET_ASSISTED","1","2","1","65","65>53","false","1","1.7298866213151929"
"N12","validation","D_GAP_3","1","3","2","65","65>65>53","false","2","0.3366893424036279"
"N12","validation","E_COMBINED","1","2","1","65","65>53","false","1","1.7298866213151929"
"P01","development","A_PRODUCTION","2","7","5","65>64","50>50>53>65>53>64>52","false","5","0.09287981859410432"
"P01","development","B_PITCH_CONFIRM_3","2","7","5","65>64","50>50>54>65>53>64>52","false","5","0.09287981859410432"
"P01","development","C_ONSET_ASSISTED","2","7","5","65>64","50>50>54>65>53>64>52","false","5","0.09287981859410432"
"P01","development","D_GAP_3","2","7","5","65>64","50>50>53>65>53>64>52","false","5","0.09287981859410432"
"P01","development","E_COMBINED","2","7","5","65>64","50>50>54>65>53>64>52","false","5","0.09287981859410432"
"P02","development","A_PRODUCTION","2","9","7","65>64","50>50>53>53>65>53>64>64>52","false","7","0.09287981859410399"
"P02","development","B_PITCH_CONFIRM_3","2","10","8","65>64","50>50>53>54>65>53>54>64>64>52","false","8","0.11609977324263032"
"P02","development","C_ONSET_ASSISTED","2","10","8","65>64","50>50>53>54>65>53>54>64>64>52","false","8","0.11609977324263032"
"P02","development","D_GAP_3","2","9","7","65>64","50>50>53>53>65>53>64>64>52","false","7","0.09287981859410399"
"P02","development","E_COMBINED","2","10","8","65>64","50>50>53>54>65>53>54>64>64>52","false","8","0.11609977324263032"
"P03","development","A_PRODUCTION","2","7","5","65>64","50>52>64>52>64>52>52","false","6","0.11609977324263099"
"P03","development","B_PITCH_CONFIRM_3","2","7","5","65>64","50>52>64>52>64>52>52","false","6","0.11609977324263099"
"P03","development","C_ONSET_ASSISTED","2","7","5","65>64","50>52>64>52>64>52>52","false","6","0.11609977324263099"
"P03","development","D_GAP_3","2","6","4","65>64","50>52>64>52>64>52","false","5","0.13931972789115576"
"P03","development","E_COMBINED","2","6","4","65>64","50>52>64>52>64>52","false","5","0.13931972789115576"
"P04","development","A_PRODUCTION","2","5","3","65>64","50>50>64>52>50","false","4","0.10448979591836738"
"P04","development","B_PITCH_CONFIRM_3","2","5","3","65>64","50>50>64>52>50","false","4","0.10448979591836738"
"P04","development","C_ONSET_ASSISTED","2","5","3","65>64","50>50>64>52>50","false","4","0.10448979591836738"
"P04","development","D_GAP_3","2","5","3","65>64","50>50>64>52>50","false","4","0.10448979591836738"
"P04","development","E_COMBINED","2","5","3","65>64","50>50>64>52>50","false","4","0.10448979591836738"
"P05","development","A_PRODUCTION","2","3","1","65>64","50>52>50","false","3","0.09287981859410444"
"P05","development","B_PITCH_CONFIRM_3","2","3","1","65>64","50>52>50","false","3","0.09287981859410444"
"P05","development","C_ONSET_ASSISTED","2","3","1","65>64","50>52>50","false","3","0.09287981859410444"
"P05","development","D_GAP_3","2","3","1","65>64","50>52>50","false","3","0.09287981859410444"
"P05","development","E_COMBINED","2","3","1","65>64","50>52>50","false","3","0.09287981859410444"
"P06","development","A_PRODUCTION","2","8","6","65>64","53>53>65>53>52>64>52>50","false","6","0.12770975056689338"
"P06","development","B_PITCH_CONFIRM_3","2","8","6","65>64","53>53>64>53>52>64>52>50","false","7","0.12770975056689338"
"P06","development","C_ONSET_ASSISTED","2","8","6","65>64","53>53>64>53>52>64>52>50","false","7","0.12770975056689338"
"P06","development","D_GAP_3","2","8","6","65>64","53>53>65>53>52>64>52>50","false","6","0.12770975056689338"
"P06","development","E_COMBINED","2","8","6","65>64","53>53>64>53>52>64>52>50","false","7","0.12770975056689338"
"P07","validation","A_PRODUCTION","2","3","1","65>65","50>53>53","false","3","0.13931972789115643"
"P07","validation","B_PITCH_CONFIRM_3","2","4","2","65>65","50>53>52>53","false","4","0.13931972789115643"
"P07","validation","C_ONSET_ASSISTED","2","4","2","65>65","50>53>52>53","false","4","0.13931972789115643"
"P07","validation","D_GAP_3","2","3","1","65>65","50>53>53","false","3","0.13931972789115643"
"P07","validation","E_COMBINED","2","4","2","65>65","50>53>52>53","false","4","0.13931972789115643"
"P08","validation","A_PRODUCTION","2","6","4","64>64","50>50>64>52>64>50","false","4","0.11609977324263054"
"P08","validation","B_PITCH_CONFIRM_3","2","6","4","64>64","50>50>64>52>64>50","false","4","0.11609977324263054"
"P08","validation","C_ONSET_ASSISTED","2","6","4","64>64","50>50>64>52>64>50","false","4","0.11609977324263054"
"P08","validation","D_GAP_3","2","6","4","64>64","50>50>64>52>64>50","false","4","0.11609977324263054"
"P08","validation","E_COMBINED","2","6","4","64>64","50>50>64>52>64>50","false","4","0.11609977324263054"
"P09","validation","A_PRODUCTION","1","2","1","62","62>50","false","1","0.2205895691609976"
"P09","validation","B_PITCH_CONFIRM_3","1","2","1","62","62>50","false","1","0.2205895691609976"
"P09","validation","C_ONSET_ASSISTED","1","2","1","62","62>50","false","1","0.2205895691609976"
"P09","validation","D_GAP_3","1","2","1","62","62>50","false","1","0.2205895691609976"
"P09","validation","E_COMBINED","1","2","1","62","62>50","false","1","0.2205895691609976"
"P10","validation","A_PRODUCTION","1","2","1","62","62>50","false","1","0.47600907029478456"
"P10","validation","B_PITCH_CONFIRM_3","1","2","1","62","62>50","false","1","0.47600907029478456"
"P10","validation","C_ONSET_ASSISTED","1","2","1","62","62>50","false","1","0.47600907029478456"
"P10","validation","D_GAP_3","1","2","1","62","62>50","false","1","0.47600907029478456"
"P10","validation","E_COMBINED","1","2","1","62","62>50","false","1","0.47600907029478456"
"R01","validation","A_PRODUCTION","1","1","0","53","53","true","0","1.1261678004535147"
"R01","validation","B_PITCH_CONFIRM_3","1","1","0","53","53","true","0","1.1261678004535147"
"R01","validation","C_ONSET_ASSISTED","1","1","0","53","53","true","0","1.1261678004535147"
"R01","validation","D_GAP_3","1","1","0","53","53","true","0","1.1261678004535147"
"R01","validation","E_COMBINED","1","1","0","53","53","true","0","1.1261678004535147"
"R02","validation","A_PRODUCTION","1","1","0","65","65","true","0","1.4048072562358278"
"R02","validation","B_PITCH_CONFIRM_3","1","1","0","65","65","true","0","1.4164172335600906"
"R02","validation","C_ONSET_ASSISTED","1","1","0","65","65","true","0","1.4048072562358278"
"R02","validation","D_GAP_3","1","1","0","65","65","true","0","1.4048072562358278"
"R02","validation","E_COMBINED","1","1","0","65","65","true","0","1.4048072562358278"
"R03","validation","A_PRODUCTION","2","2","0","53>65","53>65","true","0","1.0797278911564627"
"R03","validation","B_PITCH_CONFIRM_3","2","2","0","53>65","53>65","true","0","1.0797278911564627"
"R03","validation","C_ONSET_ASSISTED","2","2","0","53>65","53>65","true","0","1.0797278911564627"
"R03","validation","D_GAP_3","2","2","0","53>65","53>65","true","0","1.0797278911564627"
"R03","validation","E_COMBINED","2","2","0","53>65","53>65","true","0","1.0797278911564627"
"R04","validation","A_PRODUCTION","2","2","0","65>53","65>53","true","0","1.114557823129252"
"R04","validation","B_PITCH_CONFIRM_3","2","2","0","65>53","65>53","true","0","1.114557823129252"
"R04","validation","C_ONSET_ASSISTED","2","2","0","65>53","65>53","true","0","1.114557823129252"
"R04","validation","D_GAP_3","2","2","0","65>53","65>53","true","0","1.114557823129252"
"R04","validation","E_COMBINED","2","2","0","65>53","65>53","true","0","1.114557823129252"
"R05","validation","A_PRODUCTION","1","3","2","52","52>52>52","false","2","0.2786394557823133"
"R05","validation","B_PITCH_CONFIRM_3","1","3","2","52","52>52>52","false","2","0.3250793650793651"
"R05","validation","C_ONSET_ASSISTED","1","3","2","52","52>52>52","false","2","0.2786394557823133"
"R05","validation","D_GAP_3","1","3","2","52","52>52>52","false","2","0.2786394557823133"
"R05","validation","E_COMBINED","1","3","2","52","52>52>52","false","2","0.2786394557823133"
"R06","validation","A_PRODUCTION","1","3","2","64","64>64>64","false","2","0.24380952380952392"
"R06","validation","B_PITCH_CONFIRM_3","1","4","3","64","64>62>62>64","false","3","0.24380952380952392"
"R06","validation","C_ONSET_ASSISTED","1","4","3","64","64>62>62>64","false","3","0.24380952380952392"
"R06","validation","D_GAP_3","1","3","2","64","64>64>64","false","2","0.24380952380952392"
"R06","validation","E_COMBINED","1","4","3","64","64>62>62>64","false","3","0.24380952380952392"
