"parameter","current_value","unit","source_file","purpose","production_or_test_only"
"canonical_sample_rate","44100","Hz","lib/screens/Notation/music_analysis_features.dart","feature time base","production"
"feature_hop","512","samples","native/dsp_engine_open.cpp","upstream frame spacing","production"
"feature_window","4096","samples","native/dsp_engine_open.cpp","upstream analysis window","production"
"minimum_pitch_confidence","0.55","fraction","lib/screens/Notation/performed_notes.dart","accepted voiced frame","production"
"minimum_rms",">0.001","linear","lib/screens/Notation/performed_notes.dart","accepted voiced frame","production"
"silent_flag","false","boolean","lib/screens/Notation/performed_notes.dart","accepted voiced frame","production"
"positive_pitch_hz",">0","Hz","lib/screens/Notation/performed_notes.dart","accepted voiced frame","production"
"invalid_gap_to_close","2","frames","lib/screens/Notation/performed_notes.dart","close active segment","production"
"pitch_split_difference","0.8","semitones","lib/screens/Notation/performed_notes.dart","immediate pitch boundary","production"
"pitch_reference","confidence-weighted active mean","MIDI","lib/screens/Notation/performed_notes.dart","pitch comparison","production"
"minimum_note_duration","0.055","seconds","lib/screens/Notation/performed_notes.dart","candidate emission","production"
"minimum_accepted_frames","2","frames","lib/screens/Notation/performed_notes.dart","candidate emission","production"
"onset_minimum_active_age",">0.055","seconds","lib/screens/Notation/performed_notes.dart","onset boundary gate","production"
"onset_sample_validity","inside feature frame","boolean","lib/screens/Notation/performed_notes.dart","onset boundary gate","production"
"pitch_confirmation","none","frames","lib/screens/Notation/performed_notes.dart","no pitch hysteresis","production"
"adjacent_merge_rule","none","rule","lib/screens/Notation/performed_notes.dart","no downstream merge","production"
"release_envelope_rule","none","rule","lib/screens/Notation/performed_notes.dart","no explicit release state","production"
"native_onset_strength",">0.38","ratio","native/dsp_engine_open.cpp","upstream candidate","production"
"native_onset_previous_rms",">0.003","linear","native/dsp_engine_open.cpp","upstream candidate","production"
"native_onset_rms_ratio",">1.35","ratio","native/dsp_engine_open.cpp","upstream candidate","production"
"native_onset_refractory","1323","samples","native/dsp_engine_open.cpp","upstream candidate","production"
"native_fallback_current_rms",">=0.02","linear","native/music_analysis_dsp.cpp","upstream fallback","production"
"native_fallback_rms_ratio",">4","ratio","native/music_analysis_dsp.cpp","upstream fallback","production"
"native_fallback_peak",">=0.1","linear","native/music_analysis_dsp.cpp","upstream fallback","production"
"native_silence_rms","<0.003","linear","native/dsp_engine_open.cpp","upstream silence flag","production"
