caseId,region,startSeconds,endSeconds,startSample,endSample,expectedMidi,provenance
R01,leading,0.0,0.95,0,41895,,derived_250ms_RMS_onset_pitch_inspection
R01,attack,0.95,1.25,41895,55125,,derived_250ms_RMS_onset_pitch_inspection
R01,stable,1.25,2.2,55125,97020,53,derived_250ms_RMS_onset_pitch_inspection
R01,release,2.2,2.55,97020,112455,,derived_250ms_RMS_onset_pitch_inspection
R01,background,2.55,4.06,112455,179046,,derived_250ms_RMS_onset_pitch_inspection
R02,leading,0.0,1.15,0,50715,,derived_250ms_RMS_onset_pitch_inspection
R02,attack,1.15,1.45,50715,63945,,derived_250ms_RMS_onset_pitch_inspection
R02,stable,1.45,2.4,63945,105840,65,derived_250ms_RMS_onset_pitch_inspection
R02,release,2.4,2.85,105840,125685,,derived_250ms_RMS_onset_pitch_inspection
R02,background,2.85,3.97,125685,175077,,derived_250ms_RMS_onset_pitch_inspection
R03,leading,0.0,0.85,0,37485,,derived_250ms_RMS_onset_pitch_inspection
R03,attack,0.85,1.1,37485,48510,,derived_250ms_RMS_onset_pitch_inspection
R03,firstStable,1.1,1.55,48510,68355,53,derived_250ms_RMS_onset_pitch_inspection
R03,transition,1.55,1.95,68355,85995,,derived_250ms_RMS_onset_pitch_inspection
R03,secondStable,1.95,2.75,85995,121275,65,derived_250ms_RMS_onset_pitch_inspection
R03,release,2.75,3.2,121275,141120,,derived_250ms_RMS_onset_pitch_inspection
R03,background,3.2,3.58,141120,157878,,derived_250ms_RMS_onset_pitch_inspection
R04,leading,0.0,0.9,0,39690,,derived_250ms_RMS_onset_pitch_inspection
R04,attack,0.9,1.15,39690,50715,,derived_250ms_RMS_onset_pitch_inspection
R04,firstStable,1.15,1.7,50715,74970,65,derived_250ms_RMS_onset_pitch_inspection
R04,transition,1.7,2.2,74970,97020,,derived_250ms_RMS_onset_pitch_inspection
R04,secondStable,2.2,2.85,97020,125685,53,derived_250ms_RMS_onset_pitch_inspection
R04,release,2.85,3.3,125685,145530,,derived_250ms_RMS_onset_pitch_inspection
R04,background,3.3,3.58,145530,157878,,derived_250ms_RMS_onset_pitch_inspection
R05,leading,0.0,0.8,0,35280,,derived_250ms_RMS_onset_pitch_inspection
R05,attack,0.8,1.1,35280,48510,,derived_250ms_RMS_onset_pitch_inspection
R05,stable,1.1,2.6,48510,114660,52,derived_250ms_RMS_onset_pitch_inspection
R05,release,2.6,3.25,114660,143325,,derived_250ms_RMS_onset_pitch_inspection
R05,background,3.25,4.3,143325,189630,,derived_250ms_RMS_onset_pitch_inspection
R06,leading,0.0,0.95,0,41895,,derived_250ms_RMS_onset_pitch_inspection
R06,attack,0.95,1.2,41895,52920,,derived_250ms_RMS_onset_pitch_inspection
R06,stable,1.2,2.25,52920,99225,64,derived_250ms_RMS_onset_pitch_inspection
R06,release,2.25,3.2,99225,141120,,derived_250ms_RMS_onset_pitch_inspection
R06,background,3.2,3.58,141120,157878,,derived_250ms_RMS_onset_pitch_inspection
R07,leading,0.0,1.3,0,57330,,derived_250ms_RMS_onset_pitch_inspection
R07,attack,1.3,1.65,57330,72765,,derived_250ms_RMS_onset_pitch_inspection
R07,combined,1.65,2.75,72765,121275,,derived_250ms_RMS_onset_pitch_inspection
R07,release,2.75,3.55,121275,156555,,derived_250ms_RMS_onset_pitch_inspection
R07,background,3.55,3.97,156555,175077,,derived_250ms_RMS_onset_pitch_inspection
R08,leading,0.0,1.05,0,46305,,derived_250ms_RMS_onset_pitch_inspection
R08,attack,1.05,1.4,46305,61740,,derived_250ms_RMS_onset_pitch_inspection
R08,combined,1.4,2.65,61740,116865,,derived_250ms_RMS_onset_pitch_inspection
R08,release,2.65,3.3,116865,145530,,derived_250ms_RMS_onset_pitch_inspection
R08,background,3.3,4.23,145530,186543,,derived_250ms_RMS_onset_pitch_inspection
