caseId,targetHz,lowComponentGainRelativeToTarget,profile,envelope,stableFrames,productionVoiced,productionNearTarget,productionNearLower,productionOther,strategyCNearTarget,strategyCNearLower,F2Abstained,releaseFrames,releaseVoiced,releaseMedianConfidence,releaseF2Abstained
G01,329.628,0.0,fundamental,steady,39,39,39,0,0,39,0,0,0,0,,0
G02,329.628,0.03,fundamental,steady,39,39,39,0,0,39,0,0,0,0,,0
G03,329.628,0.1,fundamental,steady,39,39,39,0,0,39,0,0,0,0,,0
G04,329.628,0.3,fundamental,steady,39,39,39,0,0,0,39,39,0,0,,0
G05,329.628,0.6,fundamental,steady,39,39,0,39,0,0,39,0,0,0,,0
G06,329.628,1.0,fundamental,steady,39,39,0,39,0,0,39,0,0,0,,0
G07,329.628,0.0,H2rich,steady,39,39,39,0,0,39,0,0,0,0,,0
G08,329.628,0.03,H2rich,steady,39,39,39,0,0,39,0,0,0,0,,0
G09,329.628,0.1,H2rich,steady,39,39,39,0,0,39,0,0,0,0,,0
G10,329.628,0.3,H2rich,steady,39,39,39,0,0,0,39,39,0,0,,0
G11,329.628,0.6,H2rich,steady,39,39,0,39,0,0,39,0,0,0,,0
G12,329.628,1.0,H2rich,steady,39,39,0,39,0,0,39,0,0,0,,0
G13,349.228,0.0,fundamental,steady,39,39,39,0,0,39,0,0,0,0,,0
G14,349.228,0.03,fundamental,steady,39,39,39,0,0,39,0,0,0,0,,0
G15,349.228,0.1,fundamental,steady,39,39,39,0,0,39,0,0,0,0,,0
G16,349.228,0.3,fundamental,steady,39,39,39,0,0,0,39,39,0,0,,0
G17,349.228,0.6,fundamental,steady,39,39,0,39,0,0,39,0,0,0,,0
G18,349.228,1.0,fundamental,steady,39,39,0,39,0,0,39,0,0,0,,0
G19,349.228,0.0,H2rich,steady,39,39,39,0,0,39,0,0,0,0,,0
G20,349.228,0.03,H2rich,steady,39,39,39,0,0,39,0,0,0,0,,0
G21,349.228,0.1,H2rich,steady,39,39,39,0,0,39,0,0,0,0,,0
G22,349.228,0.3,H2rich,steady,39,39,39,0,0,0,39,39,0,0,,0
G23,349.228,0.6,H2rich,steady,39,39,0,39,0,0,39,0,0,0,,0
G24,349.228,1.0,H2rich,steady,39,39,0,39,0,0,39,0,0,0,,0
G25,349.228,0.0,fundamental,clean,39,39,39,0,0,39,0,0,51,51,0.99983,0
G26,349.228,0.0,fundamental,harmonic,39,39,39,0,0,39,0,0,51,51,0.99977,0
G27,349.228,0.0,fundamental,noise,39,39,39,0,0,39,0,0,51,51,0.99977,0
G28,349.228,0.1,fundamental,weakLow,39,39,39,0,0,39,0,0,51,51,0.98232,0
