"case_id","event_index","event_type","event_interval_start","event_interval_end","nearby_feature_count","voiced_feature_count","median_midi","max_onset_strength","onset_candidate_count","max_rms","independent_boundary_precision"
"V01","1","key_down","1.69993","1.86659","35","22","65.08","0.651422560214996","2","0.283755928277969","video-frame interval only"
"V01","2","key_up","2.9999","4.26651","129","102","52.98","0.195087656378746","0","0.0356858521699905","video-frame interval only"
"V02","1","key_down","1.72991","1.96658","41","18","52.01","0.805083990097046","1","0.246178418397903","video-frame interval only"
"V02","2","key_up","3.69652","4.66317","103","53","51.99","0.248716816306114","0","0.02826445735991","video-frame interval only"
"V03","1","key_down","1.49667","1.86667","53","29","65.1","0.696386992931366","3","0.298416912555695","video-frame interval only"
"V03","2","key_up","2.69663","3.19662","64","29","53.12","0.933304667472839","1","0.242819830775261","video-frame interval only"
"V03","3","key_down","3.16329","3.46662","46","33","65.11","0.933304667472839","1","0.242819830775261","video-frame interval only"
"V03","4","key_up","4.56659","5.49989","102","32","52.92","0.24144621193409","0","0.0329191200435162","video-frame interval only"
"V04","1","key_down","1.60559","1.90558","47","24","65.1","0.878050446510315","1","0.275273859500885","video-frame interval only"
"V04","2","key_down","2.30891","2.57222","43","38","65.02","0.401798248291016","1","0.229105800390244","video-frame interval only"
"V04","3","key_up","2.3389","2.87222","66","61","64.07","0.401798248291016","1","0.229105800390244","video-frame interval only"
"V04","4","key_up","3.3722","4.3055","101","50","64.05","0.229612857103348","0","0.0407880730926991","video-frame interval only"
