case_id,segment_index,start_sample,end_sample,start_seconds,end_seconds,duration_seconds,representative_pitch_hz,fractional_midi,rounded_midi,mean_confidence,mean_rms
V01,1,6144,10240,0.13931972789115646,0.23219954648526078,0.09287981859410432,148.75269626865685,50.224947539731744,50,0.8630186691880226,0.008100158942397684
V01,2,22528,26624,0.5108390022675737,0.603718820861678,0.09287981859410432,148.88550749780956,50.240397662354326,50,0.8820679038763046,0.007782844128087163
V01,3,38912,44032,0.8823582766439909,0.9984580498866213,0.11609977324263043,147.74557264208772,50.10733650436199,50,0.881814569234848,0.009264544025063515
V01,4,54272,59392,1.230657596371882,1.3467573696145125,0.11609977324263054,148.1631125117147,50.15619344943704,50,0.8897147893905639,0.009368472965434194
V01,5,79360,136192,1.799546485260771,3.0882539682539685,1.2887074829931975,350.32469267555183,65.05426987796355,65,0.9596030545664264,0.07177004927920329
V01,6,136192,138752,3.0882539682539685,3.1463038548752835,0.05804988662131505,174.3983965498585,52.978599024346614,53,0.9517850518226624,0.028517956286668776
V01,7,138752,149504,3.1463038548752835,3.3901133786848074,0.24380952380952392,350.420791858222,65.0590182547092,65,0.915891672883715,0.024049848761586917
V01,8,149504,159232,3.3901133786848074,3.610702947845805,0.22058956916099737,174.18314849401992,52.957218385243664,53,0.9199704433742323,0.022329494651210934
V01,9,159232,162304,3.610702947845805,3.680362811791383,0.06965986394557833,350.4603511964856,65.06097255107206,65,0.8968327343463898,0.020003327478965122
V01,10,162304,177152,3.680362811791383,4.017052154195011,0.3366893424036279,173.84452264037196,52.92352906445966,53,0.8763217597172178,0.01951596160130254
V01,11,248320,252416,5.630839002267574,5.723718820861678,0.09287981859410444,149.03772169621803,50.2580880201474,50,0.8822675347328186,0.01155004312749952
V01,12,264704,268800,6.002358276643991,6.095238095238095,0.09287981859410355,147.25561114946032,50.04982901996289,50,0.8773571848869324,0.009805641719140112
V01,13,281088,284672,6.373877551020408,6.455147392290249,0.08126984126984116,147.73460153045795,50.106050897835495,50,0.860516003199986,0.009510901157877274
V01,14,295936,301568,6.710566893424036,6.8382766439909295,0.12770975056689338,148.83586862349034,50.2346247137475,50,0.8856094262816689,0.010304835836657068
V02,1,12288,15360,0.2786394557823129,0.34829931972789113,0.06965986394557822,148.85094833134573,50.23637867141204,50,0.8772097229957581,0.006587441079318523
V02,2,61952,65536,1.4048072562358276,1.486077097505669,0.08126984126984138,148.18130048963943,50.15831852049119,50,0.8860344971929278,0.009654242811458451
V02,3,82944,181760,1.8808163265306121,4.121541950113379,2.2407256235827666,164.90261000186294,52.00932851415219,52,0.9667986853752729,0.06154986769395248
V02,4,206848,210432,4.690430839002268,4.771700680272109,0.08126984126984116,149.36407862988906,50.295956455282614,50,0.8645597951752799,0.010033880892608846
V03,1,7680,11776,0.17414965986394557,0.26702947845804986,0.0928798185941043,148.52624187494868,50.198571932012754,50,0.8706568330526352,0.005344367935322225
V03,2,22528,28160,0.5108390022675737,0.6385487528344671,0.12770975056689338,148.570729074564,50.20375662003237,50,0.9114255905151367,0.004954359324818308
V03,3,37376,43520,0.8475283446712019,0.9868480725623583,0.13931972789115643,148.6825541765166,50.21678224121684,50,0.9014126608769099,0.00678484436745445
V03,4,55296,57856,1.253877551020408,1.3119274376417234,0.05804988662131527,148.03853769017834,50.14163119529233,50,0.87367684841156,0.011222115904092788
V03,5,75776,120320,1.7182766439909296,2.728344671201814,1.0100680272108844,350.62601903572175,65.06915441914529,65,0.9625469603757749,0.06809851021944792
V03,6,120320,123392,2.728344671201814,2.7980045351473923,0.06965986394557833,174.21426126771982,52.960310457218036,53,0.9061975876490275,0.018031791939089697
V03,7,137216,141312,3.111473922902494,3.2043537414965986,0.09287981859410444,149.18969852238956,50.27573277452445,50,0.8921327814459801,0.007766629394609481
V03,8,145920,201216,3.308843537414966,4.562721088435374,1.2538775510204085,350.64863001287785,65.07027081180549,65,0.9648008252735492,0.07057251588062004
V03,9,201216,204288,4.562721088435374,4.632380952380952,0.06965986394557788,174.29823212274655,52.968652953336345,53,0.9223029613494873,0.02735451826204856
V03,10,218112,222208,4.9458503401360545,5.038730158730159,0.09287981859410444,148.4171323679155,50.18584936478017,50,0.8790006414055824,0.007474896323401481
V03,11,233984,238080,5.305759637188209,5.3986394557823125,0.09287981859410355,148.5093078204888,50.19659797221357,50,0.873240277171135,0.009950662264600396
V03,12,250368,256000,5.677278911564626,5.804988662131519,0.12770975056689338,148.53580232186403,50.19968626967744,50,0.8951155976815657,0.009338740725070238
V03,13,282624,287744,6.408707482993197,6.524807256235827,0.1160997732426301,148.72523735796568,50.22175148409869,50,0.8794615268707275,0.009749154653400182
V04,1,8192,14848,0.18575963718820862,0.33668934240362813,0.1509297052154195,148.4082410523464,50.18481219278362,50,0.8985950350761414,0.007634100020648195
V04,2,27136,30720,0.615328798185941,0.6965986394557823,0.08126984126984127,150.18577690707818,50.39093601059342,50,0.8800901940890721,0.006879824213683605
V04,3,43008,47104,0.9752380952380952,1.0681179138321995,0.09287981859410421,149.85237287638432,50.352460860148625,50,0.8846755996346474,0.009260089311283082
V04,4,55808,62976,1.2654875283446712,1.4280272108843537,0.16253968253968254,148.5160616971098,50.19738528147206,50,0.9070524275302887,0.010710562612595302
V04,5,79360,108544,1.799546485260771,2.461315192743764,0.661768707482993,350.43499057187927,65.05971971989379,65,0.9770876848906801,0.1053012442170528
V04,6,112640,154112,2.5541950113378684,3.4946031746031747,0.9404081632653063,330.6440245828281,64.05330366714253,64,0.9666117459167669,0.07571972419082383
V04,7,158720,163840,3.599092970521542,3.7151927437641725,0.11609977324263054,330.9690628480544,64.0703141334701,64,0.8990507125854492,0.02434241324663162
V04,8,163840,166400,3.7151927437641725,3.7732426303854876,0.05804988662131505,164.69524799812817,51.987544864774655,52,0.8966219902038575,0.016902326233685018
V04,9,186880,189952,4.237641723356009,4.307301587301588,0.06965986394557877,149.61686764006203,50.325231701841716,50,0.8795749743779501,0.006601099235316117
V04,10,202752,205824,4.597551020408163,4.667210884353741,0.06965986394557788,148.13649764535805,50.153083316221036,50,0.8719777762889862,0.007857469841837883
