"case_id","video_file","event_index","note","midi","event_type","video_frame_index","video_timestamp_seconds","earliest_seconds","latest_seconds","temporal_resolution_seconds","annotation_confidence","annotation_method"
"V01","01.mp4","1","F4","65","key_down","53","1.76659","1.69993","1.86659","0.0333600000000001","medium","visual frame inspection; finger moves onto target key; depression obscured"
"V01","01.mp4","2","F4","65","key_up","109","3.6332","2.9999","4.26651","0.0333600000000001","low","visual frame inspection; finger remains over key; exact release obscured"
"V02","02.mp4","1","E4","64","key_down","53","1.82991","1.72991","1.96658","0.0633300000000001","medium","visual frame inspection; visible finger movement onto target key"
"V02","02.mp4","2","E4","64","key_up","121","4.19651","3.69652","4.66317","0.0633300000000001","low","visual frame inspection; release obscured by hand"
"V03","03.mp4","1","F4","65","key_down","48","1.66333","1.49667","1.86667","0.06334","medium","visual frame inspection; first downward articulation visible"
"V03","03.mp4","2","F4","65","key_up","85","2.92998","2.69663","3.19662","0.06334","low","visual frame inspection; first articulation releases before second movement"
"V03","03.mp4","3","F4","65","key_down","96","3.29662","3.16329","3.46662","0.06334","medium","visual frame inspection; second downward articulation visible"
"V03","03.mp4","4","F4","65","key_up","146","5.0299","4.56659","5.49989","0.06334","low","visual frame inspection; second release partially occluded"
"V04","04.mp4","1","F4","65","key_down","52","1.73891","1.60559","1.90558","0.0456444","medium","visual frame inspection; first finger movement visible"
"V04","04.mp4","2","E4","64","key_down","73","2.43889","2.30891","2.57222","0.0456444","medium","visual frame inspection; second finger movement while first held"
"V04","04.mp4","3","F4","65","key_up","78","2.60556","2.3389","2.87222","0.0456444","low","visual frame inspection; legato overlap; release occluded"
"V04","04.mp4","4","E4","64","key_up","115","3.83886","3.3722","4.3055","0.0456444","low","visual frame inspection; final release obscured by hand"
